Workbook

Sheet Tổng hợp
A1: Kết quả review Test Plan theo checklist IEEE 829
A2: Tài liệu được review | B2: doc/07-verification/TEST_PLAN.md – TP-AICHAT-001
A3: Phiên bản Test Plan | B3: 0.1 (Draft) → 0.2 (Draft): đã sửa 12/14 phát hiện; 2 đang chờ PO (OQ-015, OQ-007)
A4: Tài liệu gốc | B4: BRD v0.2, PRD v0.2, USER_STORIES v0.1, SAD v0.4, BLUEPRINT v0.3, API_DESIGN v0.1, PLAN v0.1
A5: Checklist | B5: doc/templates/Test_Plan_IEEE_829_Checklist.xlsx
A6: Ngày review | B6: 2026-10-26
A7: Người review | B7: Claude (AI review) – Test Plan do chính Claude soạn, cần QA Lead/PO review độc lập
A10: Kết quả đánh giá | B10: Số tiêu chí | C10: Tỷ lệ
A11: Đạt | B11: =COUNTIF('IEEE 829 Test Plan Checklist'!$F$2:$F$19,A11) | C11: =IF($B$15=0,0,B11/$B$15)
A12: Đạt một phần | B12: =COUNTIF('IEEE 829 Test Plan Checklist'!$F$2:$F$19,A12) | C12: =IF($B$15=0,0,B12/$B$15)
A13: Chưa đạt | B13: =COUNTIF('IEEE 829 Test Plan Checklist'!$F$2:$F$19,A13) | C13: =IF($B$15=0,0,B13/$B$15)
A14: Không áp dụng | B14: =COUNTIF('IEEE 829 Test Plan Checklist'!$F$2:$F$19,A14) | C14: =IF($B$15=0,0,B14/$B$15)
A15: Tổng | B15: =SUM(B11:B14) | C15: =SUM(C11:C14)
A17: Status (theo template) | B17: Số tiêu chí
A18: Done | B18: =COUNTIF('IEEE 829 Test Plan Checklist'!$D$2:$D$19,A18)
A19: In Progress | B19: =COUNTIF('IEEE 829 Test Plan Checklist'!$D$2:$D$19,A19)
A20: Pending | B20: =COUNTIF('IEEE 829 Test Plan Checklist'!$D$2:$D$19,A20)
A21: N/A | B21: =COUNTIF('IEEE 829 Test Plan Checklist'!$D$2:$D$19,A21)
A23: Mức độ phát hiện | B23: Tổng | C23: Còn mở
A24: High | B24: =COUNTIF('Phát hiện chi tiết'!$B$2:$B$15,A24) | C24: =COUNTIFS('Phát hiện chi tiết'!$B$2:$B$15,A24,'Phát hiện chi tiết'!$H$2:$H$15,"<>Closed")
A25: Medium | B25: =COUNTIF('Phát hiện chi tiết'!$B$2:$B$15,A25) | C25: =COUNTIFS('Phát hiện chi tiết'!$B$2:$B$15,A25,'Phát hiện chi tiết'!$H$2:$H$15,"<>Closed")
A26: Low | B26: =COUNTIF('Phát hiện chi tiết'!$B$2:$B$15,A26) | C26: =COUNTIFS('Phát hiện chi tiết'!$B$2:$B$15,A26,'Phát hiện chi tiết'!$H$2:$H$15,"<>Closed")
A27: Kết luận | B27: =IF(AND(B13=0,C24=0),"Sẵn sàng trình phê duyệt (còn phát hiện Low đang chờ PO)","Chưa sẵn sàng – còn tiêu chí Chưa đạt hoặc phát hiện High")
A28: Nhận xét | B28: Test Plan v0.2 đủ 16 mục IEEE 829 và đáp ứng 16/18 tiêu chí checklist. Lỗi duy nhất mức High (TP-DEF-007: 7 AC/trường hợp biên chưa có test case) đã đóng ở mức thiết kế test case; việc thực thi nằm ở chu kỳ C2. Hai tiêu chí Đạt một phần (Schedule, Approvals) phụ thuộc PO chốt OQ-015 (ngày go-live) và OQ-007 (người phê duyệt). Ngoài phạm vi checklist: PO cần quyết định DEF-T-002 (PRD và thiết kế lệch nhau về PDF hỏng/có mật khẩu) trước khi phê duyệt MTP. Review do chính tác giả thực hiện nên cần một lượt review độc lập.
A30: Quy ước
A31: Đạt → Done | B31: Tiêu chí được đáp ứng, không cần hành động bắt buộc.
A32: Đạt một phần → In Progress | B32: Đã có nội dung nhưng còn thiếu hoặc phụ thuộc quyết định bên ngoài; xem cột Notes / Action Items.
A33: Chưa đạt → Pending | B33: Nội dung chưa có hoặc chưa dùng được.
A34: Không áp dụng → N/A | B34: Tiêu chí không liên quan.
A35: Cột cần cập nhật khi xử lý | B35: Sheet checklist: cột D, E, F. Sheet 'Phát hiện chi tiết': cột H (Open / In Progress / Closed).

Sheet IEEE 829 Test Plan Checklist
A1: Category | B1: Checklist Item | C1: Description / Question | D1: Status | E1: Notes / Action Items | F1: Kết quả đánh giá | G1: Tham chiếu trong TEST_PLAN
A2: 1. Document Metadata | B2: Test Plan Identifier | C2: Does the document have a unique, version-controlled identifier (e.g., 'TP-AgentOrchestrator-v1.2')? | D2: Done | E2: Có mã TP-AICHAT-001-v0.1/v0.2, bảng lịch sử phiên bản, trạng thái, phân loại. [v0.2] Phụ lục được đánh số lại (PA.x, PB.x) để không trùng mục A.x của Phần A (TP-DEF-014). | F2: Đạt | G2: Đầu tài liệu; 1.0; Phụ lục
B3: Introduction | C3: Is there a summary of the software being tested and the purpose of this specific test plan? | D3: Done | E3: [v0.1] Chỉ có mục đích của MTP, thiếu tóm tắt phần mềm được kiểm thử (TP-DEF-001). [v0.2] Thêm 'Tổng quan phần mềm được kiểm thử': chức năng, kiến trúc (SPA, API + worker, PostgreSQL/pgvector + RLS, OIDC, LLM), cách tạo câu trả lời RAG. | F3: Đạt | G3: 2.0
A4: 2. Scope & Features | B4: Test Items | C4: Are the specific modules or binaries to be tested explicitly listed (e.g., 'LLM Routing Service', 'ROS-2 Navigation Node')? | D4: Done | E4: 8 đối tượng SI-001…SI-008 theo module/thư mục và tài sản TA-001…TA-009. [v0.1] Phiên bản '0.1.0' không truy được tới bản build cụ thể (TP-DEF-002). [v0.2] Thêm quy tắc định danh build theo commit/tag; C1 = commit 166929f + 3 thay đổi chưa commit (action TT-16: commit trước C2). | F4: Đạt | G4: 3.1, 3.2
B5: Features to be Tested | C5: Are the specific functionalities targeted for this test cycle clearly defined (e.g., 'Vector DB similarity search latency', 'Agent state transitions')? | D5: Done | E5: 12 tính năng F-01…F-12 có mô tả, điểm cần kiểm, ma trận loại kiểm thử, truy vết tới story/AC. [v0.1] Điểm rủi ro thang 100 không truy được về A.7; TR-02 điểm 10 lại xếp Critical (TP-DEF-003). Còn 7 AC/trường hợp biên chưa có test case (TP-DEF-007). [v0.2] Quy tắc chấm rủi ro + quy tắc ưu tiên rõ ràng; thêm E2E-012…014, INT-017, INT-018, UI-011, API-031 → mọi AC P0/P1 trong phạm vi và E-01…E-19 đều có test case. | F5: Đạt | G5: 4.1–4.3; A.7; Phụ lục A
B6: Features Not to be Tested | C6: Are intentionally excluded features explicitly documented to define boundaries (e.g., 'Third-party LLM API uptime is out of scope')? | D6: Done | E6: 6 tính năng loại trừ F-13…F-18, mỗi mục có lý do, mức rủi ro và kế hoạch tương lai (US-019, US-015, OCR, nhà cung cấp AI/IdP, di động, dashboard giám sát). Phạm vi ngoài lề ở 2.2. | F6: Đạt | G6: 2.2; 5.0
A7: 3. Approach & Methodology | B7: Testing Approach | C7: Are the overall strategies defined (e.g., Unit, Integration, E2E, Load Testing, or Chaos Engineering)? | D7: Done | E7: 11 mức/loại: unit, integration, system (E2E), acceptance, regression, performance, security, accessibility, UI/UX, API, và kiểm thử chất lượng câu trả lời (đặc thù RAG). Mỗi loại có công cụ, điều kiện vào/ra, test case. Có test phục hồi (circuit breaker, sweep, retry). | F7: Đạt | G7: 6.1.1–6.1.11; 6.2
B8: Automation vs Manual | C8: Is the split between automated CI/CD pipeline tests and manual exploratory testing clearly specified? | D8: Done | E8: [v0.1] Chỉ có cột 'Test tự động' rải rác, không có chính sách phân chia, không có kiểm thử khám phá (TP-DEF-004). [v0.2] Mục 6.3: nguyên tắc + bảng 130 test case: 99 tự động trong CI, 14 tự động ngoài CI, 17 thủ công; 3 phiên kiểm thử khám phá EX-01…EX-03. | F8: Đạt | G8: 6.3
A9: 4. Pass/Fail & Lifecycle | B9: Item Pass/Fail Criteria | C9: Are the exact, measurable conditions for success defined (e.g., '99% of RAG queries return within 500ms', 'Zero critical security vulnerabilities')? | D9: Done | E9: Tiêu chí đo được cho từng mức (100% đạt, độ phủ ≥ 80%, NFR-001 p90 ≤ 15 s, QLT ≥ 80/90/85/90%, 0 Critical/High). [v0.1] 'E2E P0' chưa xác định; chưa quy định xử lý test case bị chặn; PERF-001 thiếu điều kiện đo 100 tài liệu (TP-DEF-005, TP-DEF-013). [v0.2] Gắn ưu tiên cho E2E; thêm tiêu chí test bị chặn và giới hạn lỗi Medium; bổ sung điều kiện đo PERF-001. | F9: Đạt | G9: 7.0; 6.1.3; 6.1.6
B10: Suspension Criteria | C10: What critical failures warrant pausing the entire test cycle (e.g., 'Test database connection drops repeatedly')? | D10: Done | E10: 5 điều kiện tạm dừng cụ thể: smoke hỏng, lỗi Critical cách ly dữ liệu, môi trường không ổn định (> 20% test lỗi vì môi trường, CSDL ngừng – như DEF-T-004), thay đổi yêu cầu lớn, chất lượng câu trả lời giảm > 10 điểm. | F10: Đạt | G10: 8.0
B11: Resumption Requirements | C11: What conditions must be met to restart testing after a suspension (e.g., 'Patch deployed and environment reset')? | D11: Done | E11: [v0.1] Có điều kiện tiếp tục nhưng thiếu bước khởi tạo lại môi trường (TP-DEF-011). [v0.2] Thêm quy trình khởi tạo lại cho ENV-DEV (xóa app/.data, run.py --sample), ENV-TEST, ENV-STAGING (khôi phục snapshot, triển khai lại đúng tag) và yêu cầu chạy lại toàn bộ chu kỳ. | F11: Đạt | G11: 8.0
A12: 5. Environment & Resources | B12: Environmental Needs | C12: Are hardware and software dependencies specified (e.g., 'Nvidia GPU nodes', 'Qdrant test instance', 'Mocked sensor data streams')? | D12: Done | E12: 4 môi trường (DEV, TEST, CI, STAGING) kèm hiện trạng; bảng công cụ. [v0.1] Thiếu kích thước staging, phiên bản công cụ còn [TBD], chưa nêu dữ liệu giả lập (TP-DEF-009). [v0.2] Thêm tài nguyên staging theo SAD 9.2 (GPU T4/L4 nếu SPIKE-02 cần), dữ liệu tải 20 × 100 tài liệu, quy tắc ghim phiên bản công cụ, danh sách fake/mock. | F12: Đạt | G12: 11.0
B13: Responsibilities | C13: Are roles clearly assigned (who writes the tests, who manages the test data, who reviews the results)? | D13: Done | E13: Vai trò QA Lead, QA, Dev, Tech Lead, PO, người dùng nghiệp vụ, Designer, IT/Security. [v0.1] Chưa giao người quản lý dữ liệu test và người review kết quả (TP-DEF-006). [v0.2] Bảng phân công theo việc: viết/thực hiện – quản lý – review, gồm dữ liệu tổng hợp, tài liệu thật, bộ câu hỏi chuẩn, kết quả CI. | F13: Đạt | G13: 12.0
B14: Staffing & Training Needs | C14: Do QA engineers require specific domain knowledge or training (e.g., 'Familiarity with STM32 controllers')? | D14: Done | E14: Nhu cầu kỹ năng cụ thể: Playwright/pytest, hiểu RAG (truy xuất, trích dẫn, ngưỡng), FastAPI/RLS, hướng dẫn chấm điểm 30 phút cho người dùng nghiệp vụ, OWASP ASVS cho ứng dụng có LLM. | F14: Đạt | G14: 13.0
A15: 6. Execution & Delivery | B15: Testing Tasks | C15: Are the specific steps required to execute the test plan broken down and assigned? | D15: Done | E15: TT-01…TT-15 có phụ thuộc, người thực hiện, ước lượng. [v0.1] Thiếu việc commit build, viết test cho test case mới, kiểm thử lại lỗi, kiểm thử khám phá (TP-DEF-012). [v0.2] Thêm TT-16…TT-19; M2 cập nhật 9,1 ngày công. | F15: Đạt | G15: 10.0
B16: Test Deliverables | C16: What artifacts will be produced (e.g., Test Scripts, Bug Reports, Final Test Summary Report)? | D16: Done | E16: 9 sản phẩm bàn giao: MTP, test case, script tự động, dữ liệu test, nhật ký thực thi, báo cáo lỗi, báo cáo độ phủ, Test Summary Report, biên bản nghiệm thu – kèm thời điểm và trạng thái. | F16: Đạt | G16: 9.0
B17: Schedule | C17: Are major milestones and delivery dates mapped out in alignment with the broader project timeline? | D17: In Progress | E17: Mốc M0…M6 có ngày và điều kiện. [v0.1] Không liên hệ với lịch dự án (TP-DEF-008). [v0.2] Nêu giả định go-live sau M6, phương án khi OQ-015 chốt ngày sớm hơn, ánh xạ chu kỳ với lát PLAN. Còn mở: BRD chưa có ngày go-live (OQ-015) nên lịch vẫn là đề xuất. | F17: Đạt một phần | G17: 14.0
A18: 7. Risk Management | B18: Risks & Contingencies | C18: Are potential roadblocks documented alongside mitigation plans (e.g., 'Risk: Model API rate limits. Mitigation: Use local mocked responses')? | D18: Done | E18: 10 rủi ro sản phẩm/kiểm thử TR-01…TR-10 có điểm, mức, chiến lược giảm thiểu; 6 rủi ro kế hoạch có dự phòng (thiếu bộ câu hỏi, chưa có staging, PGlite khác PostgreSQL, LLM chậm, OQ, thiếu người chấm). [v0.2] Thêm cột mức rủi ro theo quy tắc thống nhất. | F18: Đạt | G18: A.7; 15.0
B19: Approvals | C19: Is there a designated section for sign-off from key stakeholders to authorize the execution of the plan? | D19: In Progress | E19: Có bảng ký 4 vai trò. [v0.1] Chưa có tên người phê duyệt, chưa có điều kiện phê duyệt (TP-DEF-010). [v0.2] Thêm điều kiện phê duyệt và phạm vi hiệu lực. Còn mở: tên người phê duyệt chờ OQ-007. | F19: Đạt một phần | G19: 16.0

Sheet Phát hiện chi tiết
A1: ID | B1: Mức độ | C1: Tiêu chí checklist | D1: Mục trong TEST_PLAN | E1: Phát hiện | F1: Khuyến nghị / Đã sửa | G1: Owner | H1: Trạng thái
A2: TP-DEF-001 | B2: Low | C2: Introduction | D2: 2.0 | E2: Mục giới thiệu chỉ nêu mục đích của MTP, không tóm tắt phần mềm được kiểm thử. | F2: Thêm đoạn tổng quan: chức năng, kiến trúc, cách tạo câu trả lời. | G2: QA | H2: Closed
A3: TP-DEF-002 | B3: Medium | C3: Test Items | D3: 3.1 | E3: Phiên bản đối tượng kiểm thử ghi '0.1.0' chung chung, không truy được tới bản build; chu kỳ C1 chạy trên commit 166929f cộng 3 thay đổi chưa commit nên kết quả không tái hiện được. | F3: Định danh build theo commit/tag cho mỗi chu kỳ; ghi rõ bản build của C1; commit các bản sửa trước C2 (TT-16). | G3: QA, Dev | H3: Closed
A4: TP-DEF-003 | B4: Medium | C4: Features to be Tested / Risks & Contingencies | D4: A.7; 4.1 | E4: Cách chấm rủi ro không nhất quán: TR-02 được 10/25 điểm nhưng ghi 'ưu tiên Critical'; điểm /100 ở ma trận ưu tiên không suy ra được từ A.7. | F4: Định nghĩa mức rủi ro (Critical khi tác động 5 về lộ/mất dữ liệu); quy tắc ưu tiên kết hợp ưu tiên story và rủi ro; ma trận 4.1 ghi rủi ro liên quan thay cho điểm tự đặt. | G4: QA | H4: Closed
A5: TP-DEF-004 | B5: Medium | C5: Automation vs Manual | D5: 6.3 | E5: Không có chính sách và số liệu phân chia tự động trong CI / tự động ngoài CI / thủ công; không có kiểm thử khám phá. | F5: Thêm mục 6.3: nguyên tắc, bảng 130 test case theo loại, 3 phiên kiểm thử khám phá có mục tiêu. | G5: QA | H5: Closed
A6: TP-DEF-005 | B6: Medium | C6: Item Pass/Fail Criteria | D6: 7.0; 6.1.3 | E6: Tiêu chí '100% E2E P0 đạt' nhưng E2E không có cột ưu tiên; chưa quy định cách xử lý test case bị chặn ở launch gate và số lỗi Medium được phép mở. | F6: Gắn ưu tiên cho E2E; thêm tiêu chí test bị chặn và giới hạn lỗi Medium. | G6: QA | H6: Closed
A7: TP-DEF-006 | B7: Low | C7: Responsibilities | D7: 12.0 | E7: Chưa giao người quản lý dữ liệu test (PDF mẫu, tài liệu thật, bộ câu hỏi) và người review kết quả. | F7: Bảng phân công theo việc: viết/thực hiện – quản lý – review. | G7: QA Lead | H7: Closed
A8: TP-DEF-007 | B8: High | C8: Features to be Tested (truy vết) | D8: Phụ lục A; 6.1 | E8: Vi phạm nguyên tắc 100% requirement coverage của template: E-11, E-12, US-013 AC 1, US-014 (5 câu), US-021 AC 2, US-022 AC 2 và G-07 (đủ 11 sự kiện) chưa có test case. | F8: Thêm E2E-012, E2E-013, E2E-014, INT-017, INT-018, UI-011, API-031 và cập nhật ma trận truy vết; thực thi ở C2 (TT-17). | G8: QA | H8: Closed
A9: TP-DEF-008 | B9: Low | C9: Schedule | D9: 14.0 | E9: Lịch kiểm thử không liên hệ với lịch dự án; BRD chưa có ngày go-live (OQ-015). | F9: Đã nêu giả định, phương án khi OQ-015 chốt, ánh xạ với PLAN. Cần PO chốt OQ-015 rồi cập nhật ngày. | G9: PO | H9: In Progress
A10: TP-DEF-009 | B10: Low | C10: Environmental Needs | D10: 11.0 | E10: Không nêu tài nguyên staging để kết quả hiệu năng có giá trị; phiên bản công cụ [TBD]; không liệt kê dữ liệu giả lập. | F10: Thêm cấu hình staging theo SAD 9.2, dữ liệu tải, quy tắc ghim phiên bản, danh sách fake/mock. | G10: QA, Tech Lead | H10: Closed
A11: TP-DEF-010 | B11: Low | C11: Approvals | D11: 16.0 | E11: Chưa có tên người phê duyệt và điều kiện để MTP được phê duyệt. | F11: Đã thêm điều kiện phê duyệt. Cần PO chỉ định người phê duyệt (OQ-007). | G11: PO | H11: In Progress
A12: TP-DEF-011 | B12: Low | C12: Resumption Requirements | D12: 8.0 | E12: Điều kiện tiếp tục không nêu cách khởi tạo lại môi trường sau sự cố (vd. CSDL dev hỏng – DEF-T-004). | F12: Thêm quy trình khởi tạo lại ENV-DEV/TEST/STAGING và yêu cầu chạy lại toàn bộ chu kỳ. | G12: QA | H12: Closed
... A15: TP-DEF-014 | B15: Low | C15: Test Plan Identifier (cấu trúc tài liệu) | D15: Phụ lục A, B | E15: Mục con Phụ lục A (A.1–A.3) trùng số với Phần A (A.1–A.7), gây nhầm khi tham chiếu. | F15: Đánh số lại phụ lục thành PA.x, PB.x. | G15: QA | H15: Closed
