Workbook

Sheet Tổng hợp
A1: Kết quả review Blueprint (SDD) theo checklist IEEE 1016-2009
A3: Tài liệu được review | B3: doc/04-design/BLUEPRINT.md + doc/04-design/schema.sql – BLUEPRINT-AICHAT-001
A4: Phiên bản | B4: Review trên v0.1; kết quả dưới đây phản ánh v0.2 sau khi đã sửa 11 lỗi (SAD đồng bộ lên v0.3)
A5: Tài liệu gốc | B5: BRD v0.2, PRD v0.2, USER_STORIES v0.1, SAD v0.2
A6: Checklist | B6: doc/templates/BluePrint_Design_IEEE_1016_2009_Checklist.xlsx
A7: Ngày review | B7: 2026-10-24
A8: Người review | B8: Claude (AI review) – Blueprint do chính Claude soạn, cần Tech Lead xác nhận
A10: Kết quả đánh giá | B10: Số tiêu chí | C10: Tỷ lệ
A11: Đạt | B11: =COUNTIF('IEEE 1016-2009 SDD Checklist'!$F$2:$F$20,A11) | C11: =IF($B$15=0,0,B11/$B$15)
A12: Đạt một phần | B12: =COUNTIF('IEEE 1016-2009 SDD Checklist'!$F$2:$F$20,A12) | C12: =IF($B$15=0,0,B12/$B$15)
A13: Chưa đạt | B13: =COUNTIF('IEEE 1016-2009 SDD Checklist'!$F$2:$F$20,A13) | C13: =IF($B$15=0,0,B13/$B$15)
A14: Không áp dụng | B14: =COUNTIF('IEEE 1016-2009 SDD Checklist'!$F$2:$F$20,A14) | C14: =IF($B$15=0,0,B14/$B$15)
A15: Tổng | B15: =SUM(B11:B14) | C15: =SUM(C11:C14)
A17: Status (theo template) | B17: Số tiêu chí
A18: Done | B18: =COUNTIF('IEEE 1016-2009 SDD Checklist'!$D$2:$D$20,A18)
A19: In Progress | B19: =COUNTIF('IEEE 1016-2009 SDD Checklist'!$D$2:$D$20,A19)
A20: Pending | B20: =COUNTIF('IEEE 1016-2009 SDD Checklist'!$D$2:$D$20,A20)
A21: N/A | B21: =COUNTIF('IEEE 1016-2009 SDD Checklist'!$D$2:$D$20,A21)
A23: Mức độ phát hiện | B23: Tổng | C23: Còn mở
A24: High | B24: =COUNTIF('Phát hiện chi tiết'!$B$2:$B$14,A24) | C24: =COUNTIFS('Phát hiện chi tiết'!$B$2:$B$14,A24,'Phát hiện chi tiết'!$H$2:$H$14,"<>Closed")
A25: Medium | B25: =COUNTIF('Phát hiện chi tiết'!$B$2:$B$14,A25) | C25: =COUNTIFS('Phát hiện chi tiết'!$B$2:$B$14,A25,'Phát hiện chi tiết'!$H$2:$H$14,"<>Closed")
A26: Low | B26: =COUNTIF('Phát hiện chi tiết'!$B$2:$B$14,A26) | C26: =COUNTIFS('Phát hiện chi tiết'!$B$2:$B$14,A26,'Phát hiện chi tiết'!$H$2:$H$14,"<>Closed")
A28: Kết luận | B28: =IF(AND(B13=0,C24=0),"Sẵn sàng duyệt thiết kế chi tiết","Chưa sẵn sàng duyệt – còn tiêu chí Chưa đạt hoặc phát hiện High đang mở")
A29: Nhận xét | B29: Blueprint v0.2 đủ 8 góc nhìn IEEE 1016-2009, phần tử thiết kế, phân bổ tài nguyên, lý do thiết kế và truy vết 27/27 story, 24/24 NFR. Review phát hiện 13 vấn đề; 11 lỗi thiết kế đã sửa (gồm 3 lỗi Medium: giữ khóa khi ghi object storage, truy xuất qua join làm mất chỉ mục HNSW, lượt quét purge bị RLS chặn). Còn mở 2 mục chờ bên ngoài: quyết định của PO/IT-Security (B-DEF-012) và kết quả SPIKE-01…04 (B-DEF-013).
A31: Quy ước
A32: Đạt → Done | B32: Tiêu chí được đáp ứng, không cần hành động bắt buộc.
A33: Đạt một phần → In Progress | B33: Đã có nội dung nhưng còn thiếu hoặc có lỗi; xem cột Notes / Action Items.
A34: Chưa đạt → Pending | B34: Nội dung chưa có hoặc chưa dùng được.
A35: Không áp dụng → N/A | B35: Tiêu chí không liên quan.
A36: Cột cần cập nhật khi xử lý | B36: Sheet checklist: cột D, E, F. Sheet 'Phát hiện chi tiết': cột H (Open / In Progress / Closed).

Sheet IEEE 1016-2009 SDD Checklist
A1: Category | B1: Checklist Item | C1: Description / Question | D1: Status | E1: Notes / Action Items | F1: Kết quả đánh giá | G1: Tham chiếu trong Blueprint
A2: 1. Context & Subject | B2: Design Subject Scope | C2: Does the document clearly define the software design subject, its system boundary, and overarching goals? | D2: Done | E2: Mục 1.1–1.2: định danh, mô tả hệ thống, mục đích (BO-001…BO-006), bảng ranh giới (hệ thống ngoài, người dùng, giao diện, ranh giới tin cậy TB-1…TB-5, môi trường triển khai). | F2: Đạt | G2: 1.1, 1.2
B3: Context View | C3: Is there a view showing the system's relationship with its external environment, external services, and actors? | D3: Done | E3: Sơ đồ bối cảnh theo ranh giới tin cậy (người dùng, LB, subnet ứng dụng/dữ liệu, sandbox, IdP, LLM); luồng hệ thống chi tiết tham chiếu SAD 2, 7. | F3: Đạt | G3: 1.2
A4: 2. Stakeholders & Concerns | B4: Stakeholder Identification | C4: Are all key stakeholders (users, developers, maintainers, operators) explicitly identified? | D4: Done | E4: 9 nhóm stakeholder truy về STK của BRD, gồm người dùng, PO, developer, kỹ sư AI, QA, IT/Security, vận hành, chủ sở hữu tài liệu, sponsor. [v0.2] Sửa nhãn CN-16 'Nhà cung cấp/ PO' → 'PO, Tech Lead' (B-DEF-009). | F4: Đạt | G4: 2.1, 2.2
B5: Design Concerns | C5: Are structural and non-functional concerns (e.g., security, scalability of multi-agent networks, latency) mapped to the design? | D5: Done | E5: 16 concern (CN-01…CN-16) có ưu tiên, tiêu chí đo được và view xử lý; 14 kịch bản chất lượng 6 phần (QA-01…QA-14), 10 kịch bản UX, ma trận ràng buộc UX; bảng concern → view → phần tử (6.1). [v0.2] Thống nhất WCAG 2.2 AA (B-DEF-008). | F5: Đạt | G5: 2.2–2.5; 6.1
A6: 3. Design Views | B6: Composition View | C6: Is the system logically decomposed into major subsystems, modules, or microservices? | D6: Done | E6: Cây thư mục/package (frontend, backend app/api/modules/ports/adapters/infra, worker, embedding-service, deploy) và bảng trách nhiệm + phụ thuộc từng phần tử. | F6: Đạt | G6: 3.1
B7: Logical View | C7: Are the static structures (classes, interfaces, data types) clearly documented? | D7: Done | E7: Kiểu dữ liệu miền, schema đầu ra LLM (Pydantic), 4 port Protocol, sơ đồ lớp dịch vụ, bảng bất biến. [v0.2] Bổ sung kiểu còn thiếu: UploadBatch, Role, IdTokenClaims, SessionContext, IngestOutcome, Conversation (B-DEF-006); bất biến mới 'đoạn tồn tại ⇔ tài liệu READY và chưa xóa' (B-DEF-003). | F7: Đạt | G7: 3.2
B8: Dependency View | C8: Are the dependencies, coupling, and import relationships between components explicitly mapped? | D8: Done | E8: Quy tắc tầng và hợp đồng import-linter, ma trận phụ thuộc module (không vòng), composition root duy nhất; thư viện ngoài tham chiếu SAD 11.2. | F8: Đạt | G8: 3.3
B9: Interaction View | C9: Are the dynamic interactions and message passing (e.g., orchestrator dispatching tasks to agents) modeled? | D9: Done | E9: Sơ đồ tuần tự mức module cho hỏi đáp và ingest; bảng phân phối sự kiện SSE qua LISTEN/NOTIFY; luồng hệ thống tham chiếu SAD 7. | F9: Đạt | G9: 3.4
B10: Information View | C10: Are persistent data structures, formats, and databases (e.g., SQL, Vector storage, Document models) defined? | D10: Done | E10: schema.sql đầy đủ (bảng, kiểu, chỉ mục, RLS, quyền, phân vùng), danh mục bảng + lưu giữ, định dạng dữ liệu, thuộc tính analytics, ước tính dung lượng. [v0.2] Phát hiện và sửa: lượt quét purge của worker không đọc được dữ liệu liên workspace dưới RLS → thêm hàm SECURITY DEFINER chỉ trả ID (B-DEF-004); ràng buộc 'mỗi người chỉ sở hữu 1 workspace' chặn workspace dùng chung → thay bằng workspace.personal_owner_id (B-DEF-010). | F10: Đạt | G10: 3.5; schema.sql
B11: Interface View | C11: Are all internal and external component interfaces (APIs, schemas, gRPC contracts) specified in detail? | D11: Done | E11: Header, model Pydantic yêu cầu/phản hồi, danh mục mã lỗi, định dạng SSE, giao diện nội bộ (embedding, sandbox, NOTIFY), hơn 30 biến cấu hình có mặc định và nguồn. [v0.2] Bổ sung mã storage_unavailable, server_busy, idempotency_mismatch vào danh mục. | F11: Đạt | G11: 3.6
B12: State Dynamics View | C12: If applicable, are the discrete states and transitions of reactive components (e.g., hardware controllers) modeled? | D12: Done | E12: Máy trạng thái job, câu hỏi (gồm FAILED → PENDING khi gửi lại), phiên, lô tải lên, circuit breaker; tài liệu tham chiếu SAD 5.4. | F12: Đạt | G12: 3.7
B13: Algorithm View | C13: Are complex core algorithms or business logic flows thoroughly described? | D13: Done | E13: 12 thuật toán có mã giả/SQL (hạn mức, kiểm tra file, trích-chia đoạn, ingest, truy xuất RRF, sinh-kiểm tra trích dẫn với ngân sách thời gian, circuit breaker, idempotency, rate limit, purge, lấy job, xóa mềm). [v0.2] Sửa: ALG-01 ghi object storage trong khi giữ khóa lô (B-DEF-001); file quá dung lượng không trả chỗ đặt (B-DEF-002); ALG-05 lọc qua join với document có thể làm HNSW không dùng được chỉ mục ở quy mô lớn → xóa đoạn ngay khi xóa mềm, truy xuất chỉ quét chunk, thêm ALG-12 (B-DEF-003); hàng chờ sandbox không giới hạn (B-DEF-005). | F13: Đạt | G13: 3.8
A14: 4. Design Elements | B14: Element Attributes | C14: Does each identified design element have a clear name, purpose, and functional description? | D14: Done | E14: 22 phần tử DE-01…DE-22, mỗi phần tử có tên, loại, mục đích, mô tả chức năng, vào/ra, yêu cầu. [v0.2] Sửa tham chiếu sai 'DE-02 sandbox' → DE-15 (B-DEF-007). | F14: Đạt | G14: 4.1
B15: Resource Allocation | C15: Are system resources (CPU, GPU VRAM for models, network bandwidth) allocated and assigned to specific design elements? | D15: Done | E15: CPU/RAM/số bản, pool kết nối CSDL, giới hạn sandbox, VRAM cho phương án GPU, tham số PostgreSQL, ngân sách token và băng thông cho từng phần tử. Lưu ý: số liệu embedding CPU chưa kiểm chứng (SPIKE-02 – B-DEF-013). | F15: Đạt | G15: 4.2
A16: 5. Design Rationale | B16: Decision Documentation | C16: Are the reasons for key architectural choices (e.g., choosing a specific embedding model or messaging queue) fully documented? | D16: Done | E16: Tham chiếu ADR-001…ADR-015 (SAD) cho quyết định lớn; 12 quyết định chi tiết DD-01…DD-12 có lý do và truy vết. | F16: Đạt | G16: 5.1, 5.2
B17: Alternatives Considered | C17: Are rejected architectural alternatives and the technical reasons for their rejection included? | D17: Done | E17: Mỗi DD nêu phương án bị loại kèm lý do kỹ thuật (vd. JWT phiên, container/microVM cho sandbox, Redis cho rate limit, hai truy vấn truy xuất). | F17: Đạt | G17: 5.2
B18: Assumptions & Constraints | C18: Are all technical assumptions, external constraints, and hardware limitations documented? | D18: Done | E18: Bảng giả định/ràng buộc kỹ thuật, nghiệp vụ, môi trường, dữ liệu, PDF; giả định cần kiểm chứng gắn với SPIKE-01…04. Các giả định chưa kiểm chứng được theo dõi ở B-DEF-013. | F18: Đạt | G18: 1.3; 5.3
A19: 6. Traceability & QA | B19: Requirements Traceability | C19: Can every design element and view be traced directly back to a specific system requirement or use case? | D19: Done | E19: Truy vết concern → view → phần tử (6.1) và yêu cầu → phần tử → cách kiểm chứng cho 27/27 story, 24/24 NFR, sự kiện analytics (6.2). | F19: Đạt | G19: 6.1, 6.2
B20: Completeness Check | C20: Does the SDD cover all functional and non-functional requirements without ambiguity? | D20: In Progress | E20: Phủ toàn bộ story và NFR; mơ hồ còn lại được liệt kê ở 6.3 nhưng chưa giải quyết được trong thiết kế: adapter LLM phụ thuộc nhà cung cấp (OQ-005), vùng dữ liệu (OQ-203), xung đột sao lưu – xóa (OQ-202), ngưỡng D-01…D-13 chưa được PO duyệt; US-015, US-019, US-022 thiết kế một phần – B-DEF-012. | F20: Đạt một phần | G20: 6.3

Sheet Phát hiện chi tiết
A1: ID | B1: Mức độ | C1: Tiêu chí checklist | D1: Mục trong Blueprint | E1: Phát hiện | F1: Khuyến nghị | G1: Owner | H1: Trạng thái
A2: B-DEF-001 | B2: Medium | C2: Algorithm View | D2: 3.8 ALG-01 | E2: accept_file ghi file 20 MB lên object storage trong transaction đang giữ khóa hàng upload_batch và một kết nối CSDL – lô khác bị chặn, pool kết nối cạn khi nhiều người tải lên. | F2: Tách 4 pha: kiểm tra file ngoài transaction → transaction ngắn trừ chỗ đặt → ghi object storage không giữ khóa → transaction ngắn tạo document + job. | G2: Tech Lead | H2: Closed
A3: B-DEF-002 | B3: Low | C3: Algorithm View | D3: 3.8 ALG-01 | E3: File vượt dung lượng bị từ chối trước khi trừ chỗ đặt → chỗ bị giữ tới khi lô hết hạn (10 phút), làm hạn mức tạm thời sai. | F3: Mọi file (thành công hay bị từ chối, kể cả too_large) đều trừ 1 chỗ đặt. | G3: Tech Lead | H3: Closed
A4: B-DEF-003 | B4: Medium | C4: Algorithm View / Information View | D4: 3.8 ALG-05; 3.2.3; schema.sql | E4: Truy xuất vector lọc tài liệu Sẵn sàng qua join với bảng document → planner có thể bỏ chỉ mục HNSW (quét tuần tự) khi số đoạn lớn, đe dọa NFR-001. | F4: Bất biến 'đoạn tồn tại ⇔ tài liệu READY và chưa xóa': xóa đoạn ngay trong transaction xóa mềm (ALG-12); truy xuất chỉ quét bảng chunk; purge chỉ còn xóa file gốc. Đồng bộ SAD. | G4: Tech Lead | H4: Closed
A5: B-DEF-004 | B5: Medium | C5: Information View | D5: 3.8 ALG-10; schema.sql | E5: Lượt quét purge hằng giờ cần tìm tài liệu đã xóa ở mọi workspace nhưng app_worker bị RLS giới hạn theo workspace → không tìm được. | F5: Hàm SECURITY DEFINER pending_purges(), purge_lag_max_seconds() chỉ trả ID/số liệu; object mồ côi kiểm tra theo workspace lấy từ khóa object. | G5: Tech Lead | H5: Closed
A6: B-DEF-005 | B6: Low | C6: Algorithm View / Resource Allocation | D6: 3.8 ALG-02; 4.2 | E6: Semaphore sandbox 2/bản API không giới hạn thời gian chờ → giờ cao điểm request tải lên treo tới khi hết thời gian chờ HTTP. | F6: Chờ tối đa 30 s, quá → 503 server_busy + Retry-After; metric sandbox_queue_wait_seconds. | G6: Tech Lead | H6: Closed
A7: B-DEF-006 | B7: Low | C7: Logical View | D7: 3.2 | E7: Sơ đồ và interface dùng kiểu chưa định nghĩa: UploadBatch, IdTokenClaims, SessionContext, IngestOutcome, Conversation, Stream. | F7: Bổ sung định nghĩa kiểu. | G7: Tech Lead | H7: Closed
A8: B-DEF-007 | B8: Low | C8: Element Attributes | D8: 4.2 | E8: Bảng tài nguyên ghi 'DE-02 sandbox' – DE-02 là SPA chat; sandbox là DE-15. | F8: Sửa tham chiếu. | G8: Tech Lead | H8: Closed
A9: B-DEF-008 | B9: Low | C9: Design Concerns | D9: 2.4, 2.5 | E9: Trộn chuẩn: UX-02 ghi WCAG 2.1 AA nhưng vùng bấm dùng tiêu chí của WCAG 2.2. | F9: Thống nhất WCAG 2.2 AA. | G9: Designer | H9: Closed
A10: B-DEF-009 | B10: Low | C10: Stakeholder Identification | D10: 2.2 CN-16 | E10: Nhãn stakeholder 'Nhà cung cấp/ PO' không khớp danh sách 2.1. | F10: Đổi thành 'PO, Tech Lead'. | G10: Tech Lead | H10: Closed
A11: B-DEF-010 | B11: Low | C11: Information View | D11: schema.sql | E11: Unique index membership_one_personal_ws (user_id WHERE role='owner') chặn người dùng làm owner của workspace dùng chung sau này – mâu thuẫn ADR-012. | F11: Bỏ index; thêm workspace.personal_owner_id UNIQUE + CHECK theo kind. | G11: Tech Lead | H11: Closed
A12: B-DEF-011 | B12: Low | C12: Completeness Check | D12: SAD 3.2, 5.3, 6.1, 7.3, 8.1 | E12: Blueprint thêm/đổi so với SAD v0.2: xóa đoạn khi xóa mềm, mã lỗi mới, rate limit bằng PostgreSQL, vai trò app_readonly_audit – SAD chưa phản ánh. | F12: Cập nhật SAD lên v0.3. | G12: Architect | H12: Closed
... A14: B-DEF-013 | B14: Medium | C14: Assumptions & Constraints / Resource Allocation | D14: 1.3; 4.2; 5.3 | E14: Các giả định quyết định tài nguyên và tham số thuật toán chưa kiểm chứng: thông lượng embedding CPU, chất lượng trích văn bản pypdf, độ trễ/chất lượng LLM tiếng Việt, ngưỡng τ. | F14: Chạy SPIKE-01…SPIKE-04; cập nhật 4.2 và mục 3.6.6 theo kết quả. | G14: Tech Lead | H14: Open
