Workbook

Sheet Tổng hợp
A1: Kết quả review SAD theo checklist IEEE 1016
A3: Tài liệu được review | B3: doc/04-design/SAD.md – SAD-AICHAT-001
A4: Phiên bản SAD | B4: 0.2 (Draft) – đã sửa 13 lỗi thiết kế; 1 đang xử lý; 3 chờ quyết định
A5: Tài liệu gốc | B5: BRD v0.2, PRD v0.2, USER_STORIES v0.1
A6: Checklist | B6: doc/templates/SAD_IEEE_1016_Checklist.xlsx
A7: Ngày review | B7: 2026-10-24
A8: Người review | B8: Claude (AI review) – SAD do chính Claude soạn, cần Tech Lead/IT-Security xác nhận
A10: Kết quả đánh giá | B10: Số tiêu chí | C10: Tỷ lệ
A11: Đạt | B11: =COUNTIF('IEEE 1016 SAD Checklist'!$F$2:$F$17,A11) | C11: =IF($B$15=0,0,B11/$B$15)
A12: Đạt một phần | B12: =COUNTIF('IEEE 1016 SAD Checklist'!$F$2:$F$17,A12) | C12: =IF($B$15=0,0,B12/$B$15)
A13: Chưa đạt | B13: =COUNTIF('IEEE 1016 SAD Checklist'!$F$2:$F$17,A13) | C13: =IF($B$15=0,0,B13/$B$15)
A14: Không áp dụng | B14: =COUNTIF('IEEE 1016 SAD Checklist'!$F$2:$F$17,A14) | C14: =IF($B$15=0,0,B14/$B$15)
A15: Tổng | B15: =SUM(B11:B14) | C15: =SUM(C11:C14)
A17: Status (theo template) | B17: Số tiêu chí
A18: Done | B18: =COUNTIF('IEEE 1016 SAD Checklist'!$D$2:$D$17,A18)
A19: In Progress | B19: =COUNTIF('IEEE 1016 SAD Checklist'!$D$2:$D$17,A19)
A20: Pending | B20: =COUNTIF('IEEE 1016 SAD Checklist'!$D$2:$D$17,A20)
A21: N/A | B21: =COUNTIF('IEEE 1016 SAD Checklist'!$D$2:$D$17,A21)
A23: Mức độ phát hiện | B23: Tổng | C23: Còn mở
A24: High | B24: =COUNTIF('Phát hiện chi tiết'!$B$2:$B$18,A24) | C24: =COUNTIFS('Phát hiện chi tiết'!$B$2:$B$18,A24,'Phát hiện chi tiết'!$H$2:$H$18,"<>Closed")
A25: Medium | B25: =COUNTIF('Phát hiện chi tiết'!$B$2:$B$18,A25) | C25: =COUNTIFS('Phát hiện chi tiết'!$B$2:$B$18,A25,'Phát hiện chi tiết'!$H$2:$H$18,"<>Closed")
A26: Low | B26: =COUNTIF('Phát hiện chi tiết'!$B$2:$B$18,A26) | C26: =COUNTIFS('Phát hiện chi tiết'!$B$2:$B$18,A26,'Phát hiện chi tiết'!$H$2:$H$18,"<>Closed")
A28: Kết luận | B28: =IF(AND(B13=0,C24=0),"Sẵn sàng duyệt kiến trúc","Chưa sẵn sàng duyệt – còn tiêu chí Chưa đạt hoặc phát hiện High đang mở")
A29: Nhận xét | B29: SAD v0.2 đủ các góc nhìn IEEE 1016: đã đóng cả 2 lỗi High (RLS cho bảng hội thoại, race khi xóa tài liệu đang xử lý) và 11 lỗi thiết kế khác. Còn lại cần quyết định bên ngoài: ràng buộc pháp lý và vùng dữ liệu (S-DEF-012), xung đột sao lưu với xóa ≤ 24 h (S-DEF-015), đơn giá LLM (S-DEF-016), và tách ADR thành file khi được duyệt (S-DEF-014). Kiến trúc sẵn sàng để Tech Lead và IT/Security duyệt.
A31: Quy ước
A32: Đạt → Done | B32: Tiêu chí được đáp ứng, không cần hành động bắt buộc.
A33: Đạt một phần → In Progress | B33: Đã có nội dung nhưng còn thiếu hoặc có lỗi; xem cột Notes / Action Items.
A34: Chưa đạt → Pending | B34: Nội dung chưa có hoặc chưa dùng được.
A35: Không áp dụng → N/A | B35: Tiêu chí không liên quan.
A36: Cột cần cập nhật khi xử lý | B36: Sheet checklist: cột D, E, F. Sheet 'Phát hiện chi tiết': cột H (Open / In Progress / Closed).

Sheet IEEE 1016 SAD Checklist
A1: Category | B1: Checklist Item | C1: Description / Question | D1: Status | E1: Notes / Action Items | F1: Kết quả đánh giá | G1: Tham chiếu trong SAD
A2: 1. Architecture Context | B2: Scope & Boundary | C2: Is the boundary of the architecture clearly defined, separating the system from external entities? | D2: Done | E2: Ranh giới hệ thống rõ (mục 2): hệ thống gồm web, API, worker, embedding service, PostgreSQL, object storage; bên ngoài gồm IdP, dịch vụ LLM, hạ tầng giám sát. Có danh sách 'ngoài ranh giới'. | F2: Đạt | G2: 2
B3: Context View | C3: Does the view describe the services provided by the system and the services required from its environment? | D3: Done | E3: Sơ đồ bối cảnh + dịch vụ hệ thống cung cấp và bảng dịch vụ cần từ môi trường kèm trạng thái phụ thuộc OQ. | F3: Đạt | G3: 2
A4: 2. Stakeholders & Concerns | B4: Architectural Drivers | C4: Are the key non-functional requirements (e.g., scalability, security, high availability) driving the architecture documented? | D4: Done | E4: 3 động lực chính (D1 câu trả lời có căn cứ, D2 cách ly dữ liệu, D3 đơn giản để ra mắt nhanh) có lý do và cách thiết kế ưu tiên; hiệu năng là động lực thứ 4 (7.4). [v0.2] Thêm ước tính lưu lượng token/tháng (4.3); đơn giá còn chờ chọn nhà cung cấp – S-DEF-016 In Progress. | F4: Đạt | G4: 0, 1.1, 4.3, 7.4
B5: System Constraints | C5: Are technology mandates, enterprise standards, and regulatory compliance requirements clearly stated? | D5: In Progress | E5: Ràng buộc kỹ thuật C-1…C-11 truy về CON/NFR; không có mandate công nghệ. Còn thiếu: tuân thủ pháp lý (OQ-203, BRD DEF-002) và chuẩn doanh nghiệp (OQ-204, OQ-205) – S-DEF-012, chờ IT/Security + Pháp chế. | F5: Đạt một phần | G5: 0; 8.1; 14
A6: 3. Structural Viewpoints | B6: Composition View | C6: Is the system logically decomposed into principal subsystems, components, or microservices? | D6: Done | E6: Phân rã rõ: SPA, reverse proxy, API (6 module), worker (4 tác vụ), embedding, PostgreSQL, object storage. [v0.2] Kiểm tra PDF lúc nhận file chạy trong tiến trình con giới hạn 10 s / 256 MB (S-DEF-003 – Closed). | F6: Đạt | G6: 3, 4.1
B7: Logical View | C7: Are the core conceptual entities, domain models, and their static relationships defined? | D7: Done | E7: Sơ đồ ER 11 thực thể. [v0.2] MESSAGE, CITATION, JOB có workspace_id; unique (conversation_id, client_request_id) (S-DEF-001); UPLOAD_BATCH.remaining_slots, DOCUMENT.batch_id và thuật toán hạn mức mục 5.3a (S-DEF-006) – đều Closed. | F7: Đạt | G7: 5.2; 5.3a
A8: 4. Behavioral Viewpoints | B8: Dependency View | C8: Are the dependencies among architectural elements (e.g., libraries, services) explicitly mapped out? | D8: Done | E8: Sơ đồ phụ thuộc module (port/adapter) + import-linter; bảng thư viện có giấy phép và ghi chú pháp chế. | F8: Đạt | G8: 11.1, 11.2
B9: Interaction View | C9: Are the high-level communications, message passing, and sequences between major subsystems modeled? | D9: Done | E9: 4 sơ đồ tuần tự (tải lên, hỏi đáp, xóa, [v0.2] đăng nhập/phiên/đăng xuất – mục 7.3a, S-DEF-007). [v0.2] Ngân sách thời gian sửa: timeout lần đầu 10 s, thử lại theo ngân sách còn lại, đường xấu nhất ≤ 15 s (S-DEF-004). Phân phối SSE qua LISTEN/NOTIFY mô tả ở 6.1. | F9: Đạt | G9: 7.1–7.4; 6.1
B10: State Dynamics View | C10: If the system is state-heavy, are the global states and transitions of the overall architecture documented? | D10: Done | E10: Máy trạng thái tài liệu và câu hỏi. [v0.2] Chống race xóa-trong-lúc-ingest: transaction cuối của ingest khóa hàng document và rollback nếu đã xóa; purge hoãn khi ingest còn RUNNING; quét hằng giờ dọn chunks mồ côi (S-DEF-002 – Closed). | F10: Đạt | G10: 5.4; 4.1; 3.2; 7.3
A11: 5. Data & Interface Viewpoints | B11: Information View | C11: Are the overarching data architectures, storage paradigms, and major data flow pipelines defined? | D11: In Progress | E11: Chiến lược dữ liệu, chỉ mục, lưu giữ, ước tính dung lượng, pipeline RAG. [v0.2] RLS phủ mọi bảng dữ liệu người dùng; 4 vai trò CSDL không BYPASSRLS (S-DEF-001, S-DEF-008); analytics dùng actor_hash HMAC (S-DEF-017). Còn mở: xung đột sao lưu 7 ngày với xóa ≤ 24 h (OQ-202) – S-DEF-015, chờ PO + IT/Security. | F11: Đạt một phần | G11: 4, 5.1–5.3; 8.3
B12: Interface View | C12: Are the external system APIs, provider/requester contracts, and communication protocols strictly defined? | D12: Done | E12: [v0.2] OpenAPI 3.1 là hợp đồng chính thức; bảng sự kiện SSE có payload, heartbeat 25 s, cách đồng bộ khi kết nối lại; danh mục mã lỗi đầy đủ (session_expired, batch_expired, batch_full, csrf_invalid, Retry-After) (S-DEF-009, S-DEF-010 – Closed). Bảng giao diện bên ngoài có timeout và xử lý lỗi. | F12: Đạt | G12: 6.1, 6.2
A13: 6. Deployment & Resources | B13: Resource View | C13: Are system resources (e.g., compute, memory, network bandwidth) allocated across the architectural components? | D13: Done | E13: Phân bổ CPU/RAM, ước tính dung lượng và thời gian xử lý. [v0.2] Embedding 2 bản, không còn điểm lỗi đơn cho hỏi đáp (S-DEF-005 – Closed). Thông lượng embedding CPU chưa kiểm chứng – đã ghi rủi ro TR-02 và SPIKE-02. | F13: Đạt | G13: 9.2; 8.2; 12
B14: Physical/Execution Mapping | C14: Is there a mapping of software components to physical deployment nodes, execution environments, or cloud infrastructure? | D14: In Progress | E14: Sơ đồ triển khai + ánh xạ cho 2 phương án. [v0.2] App và dữ liệu ở subnet riêng, chỉ load balancer công khai, egress qua NAT có danh sách cho phép (S-DEF-011 – Closed). Còn mở: chưa chọn phương án triển khai (chờ OQ-005, OQ-203). | F14: Đạt một phần | G14: 9.1
A15: 7. Design Rationale (ADR) | B15: Architectural Decisions | C15: Are the justifications for major technology choices and structural patterns fully documented (e.g., using Architecture Decision Records)? | D15: Done | E15: 15 ADR có quyết định, phương án bị loại, hệ quả, truy vết. Gợi ý (S-DEF-014, Open): khi được duyệt, tách mỗi ADR thành file riêng có bối cảnh, ngày, người quyết định. | F15: Đạt | G15: 10
B16: Rejected Alternatives | C16: Are the alternatives that were considered and rejected documented with technical reasons? | D16: Done | E16: Mọi ADR nêu phương án bị loại kèm lý do kỹ thuật cụ thể. | F16: Đạt | G16: 10
B17: Traceability | C17: Can the major architectural decisions be traced back to the specific business requirements or architectural drivers? | D17: Done | E17: Bảng truy vết yêu cầu → thành phần → ADR. [v0.2] Bổ sung NFR-008, NFR-014, US-C02, US-C04, US-C05 (S-DEF-013 – Closed). | F17: Đạt | G17: 13; 10

Sheet Phát hiện chi tiết
A1: ID | B1: Mức độ | C1: Tiêu chí checklist | D1: Mục trong SAD | E1: Phát hiện | F1: Khuyến nghị | G1: Owner | H1: Trạng thái
A2: S-DEF-001 | B2: High | C2: Logical View / Information View | D2: 5.2 ER; 5.1; 6.1 | E2: MESSAGE và CITATION không có workspace_id nên RLS không bảo vệ; client_request_id unique toàn cục và được dùng để trả lại kết quả cũ – nếu tra cứu không lọc theo hội thoại/workspace, người dùng có thể nhận câu trả lời của người khác. | F2: Thêm workspace_id vào MESSAGE, CITATION; bật RLS cho CONVERSATION, MESSAGE, CITATION; đổi unique thành (conversation_id, client_request_id). | G2: Architect | H2: Closed
A3: S-DEF-002 | B3: High | C3: State Dynamics View | D3: 5.4; 7.1; 7.3 | E3: Xóa tài liệu khi worker đang xử lý: worker có thể ghi chunks/READY sau khi purge đã chạy → chunks mồ côi không bao giờ bị xóa (vi phạm NFR-013). | F3: Transaction cuối của ingest: SELECT … FOR UPDATE trên document và chỉ ghi khi deleted_at IS NULL; purge chỉ chạy khi không còn job ingest đang khóa; thêm kiểm tra định kỳ chunks của tài liệu đã purged. | G3: Architect | H3: Closed
A4: S-DEF-003 | B4: Medium | C4: Composition View | D4: 4.1 bước 1 | E4: Kiểm tra PDF lúc nhận file (pypdf đếm trang, phát hiện mã hóa) chạy trong tiến trình API, không được cô lập; PDF độc hại có thể làm treo hoặc hết bộ nhớ API. | F4: Chạy trong tiến trình con có giới hạn thời gian (10 s) và bộ nhớ, hoặc chuyển sang worker và trả lỗi qua trạng thái. | G4: Architect | H4: Closed
A5: S-DEF-004 | B5: Medium | C5: Interaction View | D5: 7.4; 6.2; 8.2 | E5: Thử lại LLM khi lỗi trong 4 s đầu + timeout 12 s cho lần thử lại → tổng tới ~16,8 s, vượt NFR-001 (15 s); bảng ngân sách ghi 'dư ~2 s' là không đúng. | F5: Timeout lần thử lại = ngân sách còn lại (vd. 15 s − thời gian đã dùng − 1 s), hoặc giảm timeout lần đầu xuống 10 s. | G5: Architect | H5: Closed
A6: S-DEF-005 | B6: Medium | C6: Resource View | D6: 9.2; 8.2 | E6: Embedding service chỉ 1 bản là điểm lỗi đơn cho cả hỏi đáp và ingest; xung đột NFR-015. | F6: Chạy 2 bản (hoặc nạp mô hình embedding câu hỏi ngay trong API làm dự phòng); ghi rõ chấp nhận rủi ro nếu giữ 1 bản. | G6: Architect | H6: Closed
A7: S-DEF-006 | B7: Medium | C7: Logical View | D7: 5.2; 6.1; ADR-014 | E7: Vòng đời lô tải lên chưa định nghĩa: khi nào trừ/giải phóng chỗ đặt, file bị từ chối có trả lại chỗ không, DOCUMENT có liên kết batch_id không, hai lô đồng thời của cùng người dùng. | F7: Mô tả thuật toán hạn mức: used = documents chưa xóa + chỗ đặt của lô còn hạn; mỗi file thành công/bị từ chối trừ 1 chỗ đặt; lô hết hạn giải phóng chỗ còn lại. | G7: Architect | H7: Closed
A8: S-DEF-007 | B8: Medium | C8: Interaction View / Interface View | D8: 7; 8.1; 6.1 | E8: Chưa có sơ đồ luồng đăng nhập OIDC + tạo phiên + cấp CSRF token; không có endpoint/cơ chế để SPA lấy CSRF token. | F8: Thêm sơ đồ tuần tự đăng nhập/đăng xuất/hết hạn phiên; định nghĩa cách cấp CSRF token (cookie đọc được + header). | G8: Architect | H8: Closed
A9: S-DEF-008 | B9: Medium | C9: Information View | D9: 5.1; 3.2 | E9: Worker xử lý tài liệu của mọi workspace nhưng chưa định nghĩa vai trò CSDL của worker với RLS (BYPASSRLS hay SET LOCAL workspace theo từng job). | F9: Worker đặt app.workspace_id theo document của job; không cấp BYPASSRLS; chỉ tác vụ purge/prune dùng vai trò riêng có quyền tối thiểu. | G9: Architect | H9: Closed
A10: S-DEF-009 | B10: Low | C10: Interface View | D10: 6.1; ADR-004 | E10: Chưa có schema payload sự kiện SSE, cơ chế heartbeat (proxy/load balancer thường ngắt kết nối nhàn rỗi sau 60 s) và cách đồng bộ lại khi kết nối lại. | F10: Định nghĩa payload, heartbeat 25 s, `Last-Event-ID` hoặc tải lại danh sách khi kết nối lại. | G10: Architect | H10: Closed
A11: S-DEF-010 | B11: Low | C11: Interface View | D11: 6.1 | E11: API chưa có đặc tả hình thức; danh mục mã lỗi thiếu batch_expired, session_expired (E-17); 429 chưa có Retry-After. | F11: Sinh OpenAPI từ FastAPI làm hợp đồng chính thức; bổ sung danh mục mã lỗi. | G11: Tech Lead | H11: Closed
A12: S-DEF-011 | B12: Low | C12: Physical/Execution Mapping | D12: 9.1 | E12: Sơ đồ triển khai đặt web/api/worker/embedding trong subnet tên 'Public'. | F12: Đổi thành subnet riêng (private); chỉ load balancer ở subnet công khai; egress tới LLM/IdP qua NAT có danh sách cho phép. | G12: Architect | H12: Closed
... A18: S-DEF-017 | B18: Low | C18: Information View | D18: 8.3; 5.3 | E18: Chưa nêu analytics_events có lưu định danh người dùng không (cần cho funnel và 'người dùng quay lại hằng tuần') và ở dạng nào. | F18: Lưu user_id dạng ẩn danh (hash có khóa bí mật); ghi vào chính sách lưu giữ. | G18: Architect | H18: Closed
