Workbook

Sheet Tổng hợp
A1: Kết quả review BRD theo checklist IEEE 29148
A3: Tài liệu được review | B3: doc/02-requirements/BRD.md – BRD-AICHAT-001
A4: Phiên bản BRD | B4: 0.2 (Draft) – đã sửa DEF-004, DEF-005, DEF-008, DEF-012; DEF-011 sửa một phần
A5: Checklist | B5: doc/templates/BRD_IEEE_29148_Checklist.xlsx
A6: Ngày review | B6: 2026-10-23
A7: Người review | B7: Claude (AI review hỗ trợ BA) – cần BA/PO xác nhận
A9: Kết quả đánh giá | B9: Số tiêu chí | C9: Tỷ lệ
A10: Đạt | B10: =COUNTIF('IEEE 29148 BRD Checklist'!$F$2:$F$21,A10) | C10: =IF($B$14=0,0,B10/$B$14)
A11: Đạt một phần | B11: =COUNTIF('IEEE 29148 BRD Checklist'!$F$2:$F$21,A11) | C11: =IF($B$14=0,0,B11/$B$14)
A12: Chưa đạt | B12: =COUNTIF('IEEE 29148 BRD Checklist'!$F$2:$F$21,A12) | C12: =IF($B$14=0,0,B12/$B$14)
A13: Không áp dụng | B13: =COUNTIF('IEEE 29148 BRD Checklist'!$F$2:$F$21,A13) | C13: =IF($B$14=0,0,B13/$B$14)
A14: Tổng | B14: =SUM(B10:B13) | C14: =SUM(C10:C13)
A16: Status (theo template) | B16: Số tiêu chí
A17: Done | B17: =COUNTIF('IEEE 29148 BRD Checklist'!$D$2:$D$21,A17)
A18: In Progress | B18: =COUNTIF('IEEE 29148 BRD Checklist'!$D$2:$D$21,A18)
A19: Pending | B19: =COUNTIF('IEEE 29148 BRD Checklist'!$D$2:$D$21,A19)
A20: N/A | B20: =COUNTIF('IEEE 29148 BRD Checklist'!$D$2:$D$21,A20)
A22: Mức độ phát hiện | B22: Tổng | C22: Còn mở
A23: High | B23: =COUNTIF('Phát hiện chi tiết'!$B$2:$B$15,A23) | C23: =COUNTIFS('Phát hiện chi tiết'!$B$2:$B$15,A23,'Phát hiện chi tiết'!$H$2:$H$15,"<>Closed")
A24: Medium | B24: =COUNTIF('Phát hiện chi tiết'!$B$2:$B$15,A24) | C24: =COUNTIFS('Phát hiện chi tiết'!$B$2:$B$15,A24,'Phát hiện chi tiết'!$H$2:$H$15,"<>Closed")
A25: Low | B25: =COUNTIF('Phát hiện chi tiết'!$B$2:$B$15,A25) | C25: =COUNTIFS('Phát hiện chi tiết'!$B$2:$B$15,A25,'Phát hiện chi tiết'!$H$2:$H$15,"<>Closed")
A27: Kết luận | B27: =IF(AND(B12=0,C23=0),"Sẵn sàng phê duyệt","Chưa sẵn sàng phê duyệt – còn tiêu chí Chưa đạt hoặc phát hiện High đang mở")
A28: Nhận xét | B28: BRD có cấu trúc đầy đủ theo IEEE 29148 và truy vết tốt, đủ để đưa ra review. v0.2 đã đóng các lỗi soạn thảo (DEF-004, DEF-005, DEF-008, DEF-012). Điểm chặn còn lại:mục tiêu chưa có baseline/target và ROI (DEF-001), thiếu yêu cầu tuân thủ/bảo vệ dữ liệu (DEF-002), chưa có persona người dùng (DEF-009) và kỳ vọng về mức sẵn sàng (DEF-003). Phần lớn phụ thuộc vào việc PO/IT-Security chốt các OQ.
A30: Quy ước
A31: Đạt → Done | B31: Tiêu chí được đáp ứng, không cần hành động bắt buộc.
A32: Đạt một phần → In Progress | B32: Đã có nội dung nhưng còn thiếu; xem cột Notes / Action Items.
A33: Chưa đạt → Pending | B33: Nội dung chưa có hoặc chưa dùng được; cần bổ sung trước khi phê duyệt.
A34: Cột cần cập nhật khi xử lý | B34: Sheet checklist: cột D, E, F. Sheet 'Phát hiện chi tiết': cột H (Open / In Progress / Closed).

Sheet IEEE 29148 BRD Checklist
A1: Category | B1: Checklist Item | C1: Description / Question | D1: Status | E1: Notes / Action Items | F1: Kết quả đánh giá | G1: Tham chiếu trong BRD
A2: 1. Document & Business Overview | B2: Business Purpose & Drivers | C2: Does the BRD clearly articulate the core business problem, opportunity, or strategic drivers behind the project? | D2: In Progress | E2: Vấn đề, nguyên nhân gốc và lý do làm ngay đã nêu, có trích nguồn SRC-001/008/012. Thiếu lượng hóa tác động (giờ công/tuần, số lần tra cứu) – đang [TBD: OQ-008]. Hành động: BA phỏng vấn người dùng (SRC-003), đo baseline, cập nhật 4.2 và 4.3.4. | F2: Đạt một phần | G2: 4.2, 4.3.1–4.3.6; OQ-008
B3: Business Objectives & Success Metrics | C3: Are key performance indicators (KPIs), ROI expectations, and measurable business success criteria explicitly defined? | D3: Pending | E3: KPI MET-001…MET-006 có định nghĩa, công thức, nguồn dữ liệu, owner. Nhưng baseline và target của MET-001…MET-005 đều [TBD]; không có kỳ vọng ROI / chi phí – lợi ích. Theo IEEE 29148, mục tiêu không có baseline + target chưa hợp lệ. Hành động: PO chốt OQ-008, OQ-009; bổ sung ước tính ROI (giờ công tiết kiệm × chi phí giờ công so với chi phí MVP + vận hành AI) sau khi có OQ-015. | F3: Chưa đạt | G3: 4.4; MET-001…MET-006; OQ-008, OQ-009, OQ-015
B4: Scope & Boundaries | C4: Are the project in-scope items, explicit out-of-scope items, and operational boundaries unambiguously detailed? | D4: Done | E4: Có đủ In scope, Out of scope (kèm lý do), Deferred và Boundaries (điểm bắt đầu/kết thúc). Còn mở: ngôn ngữ/địa lý [TBD: OQ-011] – không ảnh hưởng tính rõ ràng của ranh giới. | F4: Đạt | G4: 4.5; OQ-011
B5: Vision Statement | C5: Is there a concise high-level vision statement aligning the project with organizational strategy according to IEEE 29148? | D5: In Progress | E5: [v0.2] Đã thêm câu Tầm nhìn ở đầu 4.2 (DEF-011). Còn thiếu liên kết với mục tiêu chiến lược của tổ chức – đã tạo OQ-019 cho Executive sponsor. Hành động: Sponsor trả lời OQ-019, cập nhật câu tầm nhìn. | F5: Đạt một phần | G5: 4.2 Tầm nhìn; OQ-019
A6: 2. Stakeholder & User Analysis | B6: Stakeholder Identification | C6: Are all key internal and external stakeholders, business sponsors, and user classes fully identified and categorized? | D6: In Progress | E6: 9 nhóm stakeholder (STK-001…009) gồm cả nhóm có thể chặn go-live (IT/Security, chủ sở hữu tài liệu). Thiếu: (1) tên người cụ thể cho mọi vai trò (OQ-007); (2) nhà cung cấp AI chưa được liệt kê như stakeholder bên ngoài (chỉ có trong DEP-001); (3) chưa phân lớp người dùng (vd. người tải lên vs. người chỉ hỏi đáp nếu tài liệu dùng chung – OQ-002). Hành động: bổ sung STK cho nhà cung cấp AI; tách user class sau khi chốt OQ-001/002. | F6: Đạt một phần | G6: 4.6; STK-001…STK-009; OQ-001, OQ-002, OQ-007
B7: User Personas & Profile Characteristics | C7: Are target user profiles, business roles, operational contexts, and domain experience levels adequately specified? | D7: Pending | E7: Chỉ có một nhóm 'đội phát triển kinh doanh'. Không có persona, bối cảnh sử dụng (tần suất tra cứu, loại tài liệu, thiết bị, nơi làm việc), mức hiểu biết nghiệp vụ/công nghệ, số lượng người dùng (OQ-010). Hành động: BA lập 1–2 persona từ phỏng vấn người dùng (SRC-003), thêm vào 4.6 hoặc phụ lục. | F7: Chưa đạt | G7: 4.6; OQ-010; SRC-003
B8: Business Constraints | C8: Are organizational, financial, regulatory, time-to-market, and strategic business constraints documented? | D8: In Progress | E8: Ràng buộc tổ chức và thời gian đã ghi (CON-001…CON-005). Ràng buộc tài chính (CON-006) và pháp lý/chính sách dữ liệu (CON-007) mới chỉ là placeholder [TBD]. Hành động: Sponsor chốt ngân sách/hạn chót (OQ-015); IT/Security cung cấp chính sách (SRC-006). | F8: Đạt một phần | G8: 4.9; CON-001…CON-007; OQ-015, OQ-005
A9: 3. Business Process & Operational Concept | B9: Current State ('As-Is') Workflow | C9: Is the existing business workflow/process documented to provide context for the proposed changes? | D9: Done | E9: Có mô tả và sơ đồ Mermaid quy trình As-Is. Lưu ý: quy trình được suy ra từ tài liệu intake, chưa xác nhận qua phỏng vấn người dùng (SRC-003) – cần xác nhận khi review. | F9: Đạt | G9: 4.3.1
B10: Target State ('To-Be') Workflow | C10: Is the proposed business process model clearly illustrated, highlighting improvements, automation, or structural changes? | D10: Done | E10: Có sơ đồ To-Be thể hiện các cải tiến: xử lý tự động, trạng thái tài liệu, câu trả lời tổng hợp kèm nguồn, từ chối khi thiếu thông tin. | F10: Đạt | G10: 4.3.2
B11: Operational Scenario & Use Cases | C11: Are high-level business scenarios and primary business use cases described from the end-user/business perspective? | D11: In Progress | E11: Luồng chính được mô tả qua sơ đồ To-Be và 29 AC. Chưa có kịch bản nghiệp vụ cụ thể từ góc nhìn người dùng (vd. 'chuẩn bị đề xuất cho khách hàng cần tra chính sách giá trong 3 tài liệu'). Hành động: thêm 3–5 kịch bản nghiệp vụ vào phụ lục; dùng chúng làm cơ sở cho bộ câu hỏi kiểm thử (DEP-005). | F11: Đạt một phần | G11: 4.3.2, 4.7.8; DEP-005
A12: 4. Business & High-Level Functional Requirements | B12: Singularity & Clarity | C12: Is each business requirement written as a single, unambiguous statement using standardized IEEE wording (e.g., 'The system shall...')? | D12: In Progress | E12: 29 BR có cú pháp shall/should, mỗi BR một ID. [v0.2] BR-022 đã viết lại thành một nghĩa vụ (DEF-005 – Closed). Còn lại: BR-013, BR-014, BR-023 phụ thuộc thuật ngữ chưa được định nghĩa ('phạm vi truy vấn', 'phạm vi quyền', ngữ cảnh câu hỏi tiếp nối) – DEF-006. Hành động: chốt OQ-001, OQ-002, OQ-012, OQ-018 rồi cập nhật glossary. | F12: Đạt một phần | G12: 4.7; BR-013, BR-014, BR-022, BR-023; DEF-005, DEF-006
B13: Completeness & Implementation-Free | C13: Are business requirements complete and stated purely in terms of business capabilities rather than technical design/implementation details? | D13: In Progress | E13: Các BR không chứa thiết kế kỹ thuật (công nghệ chỉ xuất hiện như ràng buộc CON-001). Chưa đầy đủ: thiếu BR về lưu giữ/xóa dữ liệu (OQ-004), về xử lý dữ liệu gửi tới bên thứ ba (OQ-005, SN-010), về vận hành/hỗ trợ (SN-014, OQ-016). 6 BR Must còn ngưỡng [TBD]. Hành động: bổ sung BR sau khi chốt các OQ trên. | F13: Đạt một phần | G13: 4.7, 4.11 (báo cáo bao phủ); DEF-001, DEF-007
B14: Traceability & Rationale | C14: Does each requirement include a clear business justification/rationale and a unique identifier for downstream requirements tracing? | D14: Done | E14: Mọi BR có ID, lý do, nguồn, AC và phương pháp kiểm chứng; có ma trận truy vết hai chiều. [v0.2] Đã viết lại lý do của BR-005, BR-006, BR-010, BR-012, BR-014 (DEF-008); thêm BO-006/MET-007 và bảng ánh xạ SN → BO, mọi BR nay truy vết tới BO (DEF-012). Cột PRD/SRS để TBD là đúng giai đoạn. | F14: Đạt | G14: 4.7, 4.11; DEF-008, DEF-012
B15: Feasibility & Realism | C15: Are all business requirements achievable within the known business context, operational constraints, and technology capability? | D15: In Progress | E15: Chưa đánh giá được đầy đủ vì ngân sách/timeline chưa có (OQ-015) và tính khả thi phụ thuộc ASM-001, ASM-003, ASM-004 chưa kiểm chứng. [v0.2] AC-015 đã bỏ yêu cầu tuyệt đối 0%, thống nhất với ngưỡng % của MET-005 (DEF-004 – Closed). Hành động: kiểm chứng ASM-001, ASM-003, ASM-004 với PDF mẫu; chốt OQ-015. | F15: Đạt một phần | G15: 4.10 ASM-001, ASM-003, ASM-004; AC-015; DEF-004
A16: 5. Business Quality & Non-Functional Attributes | B16: Compliance & Regulatory Standards | C16: Are legal, regulatory, compliance, data privacy (e.g., GDPR, HIPAA), and auditability requirements fully identified? | D16: Pending | E16: BRD không có yêu cầu pháp lý/tuân thủ, quyền riêng tư dữ liệu hay khả năng kiểm toán (ai tải lên, ai hỏi gì, khi nào). Chỉ có rủi ro RSK-002 và CON-007 dạng placeholder. Tài liệu kinh doanh có thể chứa dữ liệu cá nhân của khách hàng/đối tác. Hành động: IT/Security/Pháp chế xác định văn bản áp dụng (vd. quy định bảo vệ dữ liệu cá nhân của Việt Nam đang hiện hành) và yêu cầu audit log; thêm BR/CON tương ứng hoặc ghi rõ 'không áp dụng' kèm lý do. | F16: Chưa đạt | G16: 4.9 CON-007; 4.10 RSK-002; DEF-002
B17: Business Continuity & Availability | C17: Are business impact expectations for system downtime, recovery time objectives (RTO), and availability targets defined? | D17: Pending | E17: Không có kỳ vọng về thời gian hoạt động, mức sẵn sàng, thời gian gián đoạn chấp nhận được hay RTO. Template BRD yêu cầu nếu không áp dụng phải nêu lý do. Hành động: PO quyết định mức sẵn sàng tối thiểu cho MVP (vd. giờ hành chính) hoặc ghi rõ 'ngoài phạm vi MVP' kèm lý do. | F17: Chưa đạt | G17: Không có; DEF-003
B18: Security & Business Policy Constraints | C18: Are high-level security, access control guidelines, and business policy enforcement rules established? | D18: In Progress | E18: Có BR-022, BR-023 và BRU-006 về kiểm soát truy cập, nhưng định nghĩa 'phạm vi quyền' còn [TBD] (OQ-001, OQ-002). Thiếu quy tắc chính sách về lưu giữ/xóa dữ liệu (OQ-004) và điều kiện gửi nội dung tới nhà cung cấp AI bên ngoài (OQ-005). | F18: Đạt một phần | G18: 4.7.6, 4.8 BRU-006; OQ-001, OQ-002, OQ-004, OQ-005
A19: 6. Assumptions, Dependencies & Risks | B19: Business Assumptions | C19: Are all critical underlying business assumptions, facts, and expectations explicitly stated? | D19: Done | E19: ASM-001…ASM-004 có tác động nếu sai, owner, cách xác nhận và hạn. Đề xuất bổ sung: giả định doanh nghiệp được phép tải tài liệu nội bộ lên công cụ và giả định ngôn ngữ tài liệu (hiện chỉ là OQ-011). | F19: Đạt | G19: 4.10 ASM-001…ASM-004
B20: Dependencies & Constraints | C20: Are interdependencies with other business initiatives, third-party services, legacy systems, or vendor deliveries mapped? | D20: Done | E20: DEP-001…DEP-005 bao gồm nhà cung cấp AI, chính sách bảo mật, PDF mẫu, chỉ định PO, bộ câu hỏi kiểm thử. Đã nêu không có chương trình liền kề. Hệ thống cũ: không áp dụng (sản phẩm mới). | F20: Đạt | G20: 4.10 DEP-001…DEP-005; 4.5 Ranh giới
B21: Business Risks & Mitigation | C21: Are major business risks identified along with potential mitigation strategies and contingency plans? | D21: In Progress | E21: 8 rủi ro (RSK-001…008) có mô tả nguyên nhân → sự kiện → tác động, mức độ, owner và biện pháp giảm thiểu. Chưa có kế hoạch dự phòng (contingency), vd. RSK-002 xảy ra thì xử lý thế nào, RSK-003 tỷ lệ PDF scan cao thì có đưa OCR vào phạm vi không. Hành động: thêm cột/ghi chú contingency cho các rủi ro High và Medium. | F21: Đạt một phần | G21: 4.10 RSK-001…RSK-008; DEF-010

Sheet Phát hiện chi tiết
A1: ID | B1: Mức độ | C1: Tiêu chí checklist | D1: Mục / ID trong BRD | E1: Phát hiện | F1: Khuyến nghị | G1: Owner | H1: Trạng thái
A2: DEF-001 | B2: High | C2: Business Objectives & Success Metrics | D2: 4.4; MET-001…MET-005; BR-002, BR-004, BR-016, BR-025, BR-026 | E2: Baseline và target của 5 metric và ngưỡng của 6 BR Must đang [TBD]. Các BR/AC này chưa nghiệm thu được khách quan. | F2: PO chốt OQ-003, OQ-006, OQ-008, OQ-009; cập nhật BR/AC trước khi baseline BRD. | G2: PO | H2: Open
A3: DEF-002 | B3: High | C3: Compliance & Regulatory Standards | D3: 4.7.6, 4.9 | E3: Không có yêu cầu tuân thủ pháp lý, bảo vệ dữ liệu cá nhân và audit trail. | F3: IT/Security + Pháp chế xác định quy định áp dụng; thêm BR/CON hoặc ghi 'không áp dụng' kèm lý do. | G3: IT/Security | H3: Open
A4: DEF-003 | B4: Medium | C4: Business Continuity & Availability | D4: Không có mục tương ứng | E4: Không nêu kỳ vọng sẵn sàng, thời gian gián đoạn hay RTO, cũng không nêu lý do không áp dụng. | F4: PO quyết định mức sẵn sàng tối thiểu cho MVP hoặc ghi rõ ngoài phạm vi. | G4: PO | H4: Open
A5: DEF-004 | B5: Medium | C5: Feasibility & Realism | D5: AC-015, MET-005 | E5: AC-015 yêu cầu 'không câu trả lời nào' trình bày thông tin ngoài tài liệu (0%), mâu thuẫn với ngưỡng % của MET-005 và khó đạt với AI. | F5: Sửa AC-015 thành ngưỡng đo được, vd. tỷ lệ câu trả lời không căn cứ ≤ [TBD]% trên bộ kiểm thử. | G5: BA | H5: Closed
A6: DEF-005 | B6: Low | C6: Singularity & Clarity | D6: BR-022 | E6: BR-022 gộp hai đối tượng: quyền truy cập tài liệu và quyền dùng chức năng hỏi đáp. | F6: Tách thành hai BR hoặc diễn đạt lại thành 'truy cập ứng dụng' (một nghĩa vụ). | G6: BA | H6: Closed
A7: DEF-006 | B7: Medium | C7: Singularity & Clarity | D7: BR-013, BR-014, BR-023; 4.13 | E7: Thuật ngữ 'phạm vi truy vấn', 'phạm vi quyền' và hành vi câu hỏi tiếp nối chưa được định nghĩa → BR có thể hiểu theo nhiều cách. | F7: Chốt OQ-001, OQ-002, OQ-012, OQ-018 rồi cập nhật glossary và BR. | G7: PO | H7: Open
A8: DEF-007 | B8: Medium | C8: Completeness & Implementation-Free | D8: 4.7; SN-010, SN-014 | E8: Thiếu BR về lưu giữ/xóa dữ liệu (OQ-004), gửi dữ liệu tới bên thứ ba (OQ-005) và vận hành/hỗ trợ (OQ-016). | F8: Bổ sung BR sau khi các OQ được chốt. | G8: BA | H8: Open
A9: DEF-008 | B9: Low | C9: Traceability & Rationale | D9: BR-005, BR-006, BR-010, BR-012, BR-014 | E9: Cột 'Lý do' chỉ ghi mã tính năng intake (FR-xx), không giải thích giá trị nghiệp vụ. | F9: Viết lại lý do theo dạng 'cần vì…' (vd. BR-010: tài liệu cũ có thể làm sai câu trả lời). | G9: BA | H9: Closed
A10: DEF-009 | B10: Medium | C10: User Personas & Profile Characteristics | D10: 4.6 | E10: Không có persona/hồ sơ người dùng, bối cảnh sử dụng, số lượng người dùng. | F10: Lập persona từ phỏng vấn người dùng (SRC-003). | G10: BA | H10: Open
A11: DEF-010 | B11: Low | C11: Business Risks & Mitigation | D11: 4.10 | E11: Rủi ro chỉ có biện pháp giảm thiểu, chưa có kế hoạch dự phòng. | F11: Bổ sung contingency cho RSK-001, RSK-002, RSK-003. | G11: PO | H11: Open
A12: DEF-011 | B12: Low | C12: Vision Statement | D12: 4.2 | E12: Thiếu vision statement và liên kết với chiến lược tổ chức. | F12: Thêm 1–2 câu vision đầu mục 4.2; Sponsor xác nhận. | G12: BA | H12: In Progress
... A15: DEF-014 | B15: Low | C15: Business Purpose & Drivers | D15: 4.2, 4.3.4 | E15: Tác động của vấn đề chưa lượng hóa; chi phí đầu tư chưa có. | F15: Đo baseline (OQ-008) và bổ sung chi phí (OQ-015). | G15: BA | H15: Open
