Workbook

Sheet Tổng hợp
A1: Kết quả review PRD theo checklist IEEE 29148
A3: Tài liệu được review | B3: doc/02-requirements/PRD.md – PRD-AICHAT-001
A4: Phiên bản PRD | B4: 0.2 (Draft) – đã sửa P-DEF-006…P-DEF-013
A5: Tài liệu gốc | B5: doc/02-requirements/BRD.md v0.2
A6: Checklist | B6: doc/templates/PRD_IEEE_29148_Checklist.xlsx
A7: Ngày review | B7: 2026-10-23
A8: Người review | B8: Claude (AI review hỗ trợ PM/BA) – PRD do chính Claude soạn, cần PO/Tech Lead xác nhận
A10: Kết quả đánh giá | B10: Số tiêu chí | C10: Tỷ lệ
A11: Đạt | B11: =COUNTIF('IEEE 29148 PRD Checklist'!$F$2:$F$21,A11) | C11: =IF($B$15=0,0,B11/$B$15)
A12: Đạt một phần | B12: =COUNTIF('IEEE 29148 PRD Checklist'!$F$2:$F$21,A12) | C12: =IF($B$15=0,0,B12/$B$15)
A13: Chưa đạt | B13: =COUNTIF('IEEE 29148 PRD Checklist'!$F$2:$F$21,A13) | C13: =IF($B$15=0,0,B13/$B$15)
A14: Không áp dụng | B14: =COUNTIF('IEEE 29148 PRD Checklist'!$F$2:$F$21,A14) | C14: =IF($B$15=0,0,B14/$B$15)
A15: Tổng | B15: =SUM(B11:B14) | C15: =SUM(C11:C14)
A17: Status (theo template) | B17: Số tiêu chí
A18: Done | B18: =COUNTIF('IEEE 29148 PRD Checklist'!$D$2:$D$21,A18)
A19: In Progress | B19: =COUNTIF('IEEE 29148 PRD Checklist'!$D$2:$D$21,A19)
A20: Pending | B20: =COUNTIF('IEEE 29148 PRD Checklist'!$D$2:$D$21,A20)
A21: N/A | B21: =COUNTIF('IEEE 29148 PRD Checklist'!$D$2:$D$21,A21)
A23: Mức độ phát hiện | B23: Tổng | C23: Còn mở
A24: High | B24: =COUNTIF('Phát hiện chi tiết'!$B$2:$B$16,A24) | C24: =COUNTIFS('Phát hiện chi tiết'!$B$2:$B$16,A24,'Phát hiện chi tiết'!$H$2:$H$16,"<>Closed")
A25: Medium | B25: =COUNTIF('Phát hiện chi tiết'!$B$2:$B$16,A25) | C25: =COUNTIFS('Phát hiện chi tiết'!$B$2:$B$16,A25,'Phát hiện chi tiết'!$H$2:$H$16,"<>Closed")
A26: Low | B26: =COUNTIF('Phát hiện chi tiết'!$B$2:$B$16,A26) | C26: =COUNTIFS('Phát hiện chi tiết'!$B$2:$B$16,A26,'Phát hiện chi tiết'!$H$2:$H$16,"<>Closed")
A28: Kết luận | B28: =IF(AND(B13=0,C24=0),"Sẵn sàng baseline","Chưa sẵn sàng baseline – còn tiêu chí Chưa đạt hoặc phát hiện High đang mở")
A29: Nhận xét | B29: PRD v0.2 đủ để Designer và Tech Lead bắt đầu thiết kế và ước lượng: 27/27 story có AC Given-When-Then, truy vết 29/29 BR, có phạm vi, trường hợp biên, launch gate và sự kiện analytics. Các lỗi soạn thảo P-DEF-006…013 đã đóng. Điểm chặn baseline: giao diện phần mềm chưa xác định (P-DEF-001) và các ngưỡng NFR còn là đề xuất chưa được PO duyệt (P-DEF-002); các vấn đề Medium còn lại cần PO/IT-Security quyết định.
A31: Quy ước
A32: Đạt → Done | B32: Tiêu chí được đáp ứng, không cần hành động bắt buộc.
A33: Đạt một phần → In Progress | B33: Đã có nội dung nhưng còn thiếu; xem cột Notes / Action Items.
A34: Chưa đạt → Pending | B34: Nội dung chưa có hoặc chưa dùng được; cần bổ sung trước khi baseline.
A35: Không áp dụng → N/A | B35: Tiêu chí không liên quan tới sản phẩm này.
A36: Cột cần cập nhật khi xử lý | B36: Sheet checklist: cột D, E, F. Sheet 'Phát hiện chi tiết': cột H (Open / In Progress / Closed).

Sheet IEEE 29148 PRD Checklist
A1: Category | B1: Checklist Item | C1: Description / Question | D1: Status | E1: Notes / Action Items | F1: Kết quả đánh giá | G1: Tham chiếu trong PRD
A2: 1. Introduction & Context | B2: Purpose & Scope | C2: Is the product's purpose and system boundary clearly defined without delving into implementation details? | D2: Done | E2: Mục đích rõ (Tầm nhìn 1.1, trụ cột sản phẩm mục 0). [v0.2] Thêm mục 1.3 Phạm vi MVP: trong phạm vi, hoãn lại (US-019, lịch sử qua phiên, thiết bị di động), ngoài phạm vi, ranh giới hệ thống (P-DEF-013 – Closed). | F2: Đạt | G2: 0, 1.1, 1.3
B3: Business Context | C3: Are the business goals and overarching strategies that drive these requirements documented? | D3: Done | E3: Tầm nhìn và OKR (O1–O3) gắn trực tiếp với BO/MET của BRD v0.2; mục 0 kiểm tra vấn đề và giải pháp với BRD. Mục tiêu chiến lược của tổ chức vẫn chờ OQ-019 (theo dõi ở BRD). | F3: Đạt | G3: 1.1, 1.2; BRD 4.4
A4: 2. Stakeholders & Environment | B4: User Characteristics | C4: Are the primary user personas, their technical expertise, and expected interactions described? | D4: In Progress | E4: Có 2 persona (P1, P2) với vai trò, mục tiêu, khó khăn, trình độ công nghệ, tần suất, thiết bị. Nhưng toàn bộ là giả định, chưa xác nhận qua phỏng vấn (SRC-003) – P-DEF-014. Thiếu vai trò quản trị viên cấp quyền (OQ-102) – P-DEF-003. Hành động: phỏng vấn ≥ 5 người dùng; bổ sung persona/role quản trị khi chốt OQ-001. | F4: Đạt một phần | G4: 2.1; OQ-102
B5: Operating Environment | C5: Is the physical and software environment where the system will operate defined (e.g., local embedded devices, cloud clusters)? | D5: In Progress | E5: Có môi trường phía người dùng (trình duyệt Chrome/Edge, máy tính, ≥ 1280 px – NFR-017) nhưng là đề xuất (D-13). Nơi triển khai (đám mây hay máy chủ nội bộ) còn [TBD: OQ-005]. Hành động: IT/Security chốt nơi triển khai; PO chốt D-13 / OQ-101. | F5: Đạt một phần | G5: 6.1; NFR-017; D-13
A6: 3. Functional Requirements | B6: Singular & Complete | C6: Is each requirement stated as a single, complete capability (e.g., 'The system shall route tasks based on agent availability')? | D6: In Progress | E6: 27 user story đều viết theo một hành động – một giá trị. [v0.2] 5 NFR gộp đã được tách thành NFR-004/018, NFR-006/019/020/021, NFR-009/022, NFR-012/023, NFR-014/024 (P-DEF-006 – Closed). Còn thiếu: story cấp/thu hồi quyền truy cập – P-DEF-003. Hành động: thêm story quản trị quyền khi chốt OQ-001, OQ-102. | F6: Đạt một phần | G6: 3.2–3.9; NFR-018…NFR-024; OQ-102
B7: Implementation-Free | C7: Do the requirements state 'what' the system must do rather than 'how' it should be coded or architected? | D7: Done | E7: Yêu cầu nói 'cái gì'. [v0.2] NFR-010 viết lại theo kết quả (không truy cập được tài liệu ngoài quyền bằng bất kỳ cách nào); 4.1 bỏ quy định phím cụ thể; US-004 đổi 'từ chối trước khi tải lên' thành 'từ chối và không được lưu' (P-DEF-008 – Closed). Wireframe 4.1 ghi rõ là bố cục logic. | F7: Đạt | G7: 4.1; NFR-010; US-004
B8: Verifiable | C8: Is every functional requirement written so that it can be objectively tested and verified? | D8: In Progress | E8: [v0.2] 27/27 story có AC dạng Given-When-Then (đã thêm AC cho US-009, US-015, US-018, US-019, US-022, US-027 – P-DEF-007 Closed). Còn lại: nhiều AC/NFR dùng ngưỡng đề xuất chưa được duyệt – P-DEF-002. Hành động: PO chốt D-01…D-13. | F8: Đạt một phần | G8: 3.2–3.8; 7.2
A9: 4. Non-Functional Requirements | B9: Performance & Capacity | C9: Are quantifiable metrics provided for speed, throughput, and capacity (e.g., 'Model inference latency < 200ms')? | D9: In Progress | E9: Có chỉ số định lượng: thời gian trả lời p50/p90 (NFR-001), thời gian xử lý (NFR-002), giới hạn dung lượng/số file (NFR-006), người dùng đồng thời (NFR-007). [v0.2] Thêm NFR-021 giới hạn 300 trang/file, khớp với NFR-002 (P-DEF-010 – Closed). Còn lại: tất cả là đề xuất PM, chưa được PO duyệt (D-01…D-03, D-07) – P-DEF-002. Hành động: PO chốt các giá trị. | F9: Đạt một phần | G9: NFR-001, 002, 006, 007, 019…021; 7.2
B10: Security & Privacy | C10: Are specific security standards, data encryption rules, and RBAC policies defined? | D10: In Progress | E10: Có HTTPS/TLS 1.2+, mã hóa khi lưu, kiểm tra quyền theo người dùng, nhật ký kiểm toán, quy tắc nhà cung cấp AI, chính sách xóa dữ liệu, không ghi nội dung vào analytics. Thiếu: định nghĩa vai trò và quyền (RBAC) – chỉ có 'người dùng', chưa có quản trị viên (OQ-102) – P-DEF-003; chưa nêu tiêu chuẩn mã hóa khi lưu; yêu cầu tuân thủ pháp lý/bảo vệ dữ liệu cá nhân vẫn chưa có (kế thừa BRD DEF-002) – P-DEF-004. NFR-009…NFR-013 đều chờ IT/Security. Hành động: IT/Security xác định vai trò, tiêu chuẩn mã hóa, quy định áp dụng. | F10: Đạt một phần | G10: NFR-009…NFR-013; 5.2; OQ-102, OQ-104
B11: Reliability & Availability | C11: Are uptime SLAs, fault tolerance mechanisms, and recovery time objectives (RTO) explicitly stated? | D11: In Progress | E11: NFR-015: 99% trong giờ làm việc (đề xuất). Có hành vi khi dịch vụ AI lỗi (E-06) và thử lại (US-026, US-027). Thiếu: RTO/RPO, sao lưu tài liệu, hành vi khi mất dữ liệu đã xử lý – P-DEF-005. Hành động: PO + Tech Lead chốt RTO/RPO tối thiểu cho MVP hoặc ghi rõ không cam kết. | F11: Đạt một phần | G11: NFR-015; E-05, E-06
B12: Scalability | C12: Are the requirements for scaling the system under load (e.g., supporting 1,000 concurrent multi-agent orchestrations) documented? | D12: In Progress | E12: Có quy mô ban đầu: 20 người dùng đồng thời, 100 tài liệu/người dùng (đề xuất). Chưa có kỳ vọng tăng trưởng (tổng số người dùng, tổng số tài liệu sau 6–12 tháng) – P-DEF-015. Hành động: PO ước tính quy mô sau MVP (OQ-010). | F12: Đạt một phần | G12: NFR-006, NFR-007
A13: 5. Interface Requirements | B13: User Interfaces (UI) | C13: Are the logical characteristics of the UI defined without dictating the exact visual design or layout? | D13: Done | E13: Mục 4.1 mô tả bố cục logic hai khu vực, yêu cầu cho từng thành phần, trợ năng; ghi rõ Designer quyết định trình bày chi tiết. 18 trường hợp biên/lỗi ở 4.2. Wireframe dạng chữ chỉ minh họa bố cục logic. | F13: Đạt | G13: 4.1, 4.2
B14: Hardware Interfaces | C14: If applicable, are physical connection points, protocols, and hardware interactions defined (e.g., sensor inputs, ROS-2 actuator commands)? | D14: N/A | E14: Sản phẩm web, không tương tác phần cứng. PRD đã ghi 'Không áp dụng'. | F14: Không áp dụng | G14: 6.2
B15: Software Interfaces | C15: Are integrations with external APIs, operating systems, databases, or legacy systems fully documented? | D15: Pending | E15: Mới chỉ liệt kê tên: dịch vụ AI (nhà cung cấp TBD) và hệ thống xác thực (TBD). Chưa có: dữ liệu trao đổi với dịch vụ AI, giới hạn/hạn mức của nhà cung cấp, hành vi khi vượt hạn mức, hệ thống lưu trữ tài liệu, tích hợp tài khoản doanh nghiệp – P-DEF-001. Hành động: chốt OQ-005, OQ-102; bổ sung bảng giao diện phần mềm (hệ thống, dữ liệu vào/ra, giới hạn, xử lý lỗi). | F15: Chưa đạt | G15: 6.2; OQ-005, OQ-102
B16: Communication Interfaces | C16: Are network protocols and communication standards (e.g., HTTPS, MQTT, WebSockets) specified? | D16: Done | E16: HTTPS cho mọi kết nối (NFR-009). Cơ chế cập nhật trạng thái theo thời gian thực (US-007) để cho thiết kế quyết định – phù hợp mức PRD. | F16: Đạt | G16: 6.2; NFR-009
A17: 6. Constraints & Assumptions | B17: Design Constraints | C17: Are technology mandates, regulatory compliance (e.g., GDPR), and physical restrictions documented? | D17: In Progress | E17: Kế thừa CON-001…CON-007 từ BRD. Yêu cầu tuân thủ pháp lý (bảo vệ dữ liệu cá nhân) vẫn chưa có – P-DEF-004; ngân sách/thời hạn (CON-006) chưa có. | F17: Đạt một phần | G17: 6.3; BRD 4.9
B18: Dependencies | C18: Are external dependencies that the product relies upon to function clearly listed? | D18: Done | E18: Kế thừa DEP-001…DEP-005; DEP-005 (bộ câu hỏi kiểm thử) gắn với launch gate G-02. Dịch vụ AI và hệ thống xác thực được nêu ở 6.2. | F18: Đạt | G18: 6.4; G-02
A19: 7. Requirements Quality Check | B19: Unambiguous Language | C19: Is the language clear, avoiding subjective terms like 'fast', 'user-friendly', or 'robust'? | D19: Done | E19: [v0.2] Thêm bảng mã lý do thất bại R-01…R-04, chỉ R-04 được xử lý lại; 'thông báo ngắn' → tự ẩn sau ≤ 5 giây, không che ô hỏi; 'hình thức khác biệt' → nhãn 'Chưa đủ thông tin', không có phần nguồn; NFR-011 → chỉ gửi đoạn nội dung làm căn cứ, không gửi toàn bộ tài liệu (P-DEF-009 – Closed). | F19: Đạt | G19: 3.3 Mã lý do; 4.1; US-007, US-009; NFR-011
B20: Traceable & Numbered | C20: Does each requirement have a unique identifier (e.g., 'REQ-001') so it can be tracked through design and testing? | D20: Done | E20: Mọi yêu cầu có ID duy nhất (US, NFR, E, G, EVT, D, OQ); ma trận BR → story/NFR bao phủ 29/29 BR; các mục không có BR được nêu rõ (US-019, NFR-011, NFR-012). | F20: Đạt | G20: 8
B21: Consistent | C21: Are there any conflicting requirements (e.g., one requiring maximum security and another requiring anonymous access)? | D21: Done | E21: Không phát hiện xung đột (vd. không có yêu cầu truy cập ẩn danh). [v0.2] Đã xử lý 3 điểm không nhất quán: thêm NFR-021 (300 trang) – P-DEF-010; US-023 viết lại theo persona P1 – P-DEF-011; thêm E-19 và AC US-022 cho nguồn trỏ tới tài liệu đã xóa – P-DEF-012 (đều Closed). | F21: Đạt | G21: NFR-002, NFR-021; US-023; E-13, E-19

Sheet Phát hiện chi tiết
A1: ID | B1: Mức độ | C1: Tiêu chí checklist | D1: Mục / ID trong PRD | E1: Phát hiện | F1: Khuyến nghị | G1: Owner | H1: Trạng thái
A2: P-DEF-001 | B2: High | C2: Software Interfaces | D2: 6.2 | E2: Giao diện phần mềm mới chỉ có tên (dịch vụ AI, hệ thống xác thực), chưa có dữ liệu trao đổi, giới hạn, xử lý lỗi; chưa nêu hệ thống lưu trữ tài liệu. | F2: Chốt OQ-005, OQ-102; thêm bảng giao diện phần mềm. | G2: Tech Lead + IT/Security | H2: Open
A3: P-DEF-002 | B3: High | C3: Verifiable / Performance & Capacity | D3: 7.2 D-01…D-13; NFR-001…NFR-008, NFR-015 | E3: Toàn bộ ngưỡng hiệu năng, chất lượng, dung lượng, khả dụng là đề xuất PM chưa được duyệt; AC phụ thuộc chưa thể dùng để nghiệm thu. | F3: PO chốt D-01…D-13 trong một buổi review; cập nhật PRD và BRD (OQ-003, 006, 009, 010, 011). | G3: PO | H3: Open
A4: P-DEF-003 | B4: Medium | C4: Security & Privacy / User Characteristics | D4: 2.1, 3.7, NFR-010 | E4: Chưa định nghĩa vai trò và quyền (RBAC); không có persona/story cho quản trị viên cấp và thu hồi quyền. | F4: Chốt OQ-001, OQ-102; thêm vai trò, ma trận quyền và story quản trị. | G4: PO + IT/Security | H4: Open
A5: P-DEF-004 | B5: Medium | C5: Security & Privacy / Design Constraints | D5: 6.3, NFR-012 | E5: Chưa có yêu cầu tuân thủ pháp lý về bảo vệ dữ liệu cá nhân (kế thừa BRD DEF-002); thời gian lưu nhật ký 90 ngày là đề xuất chưa có căn cứ. | F5: IT/Security + Pháp chế xác định quy định áp dụng và thời gian lưu nhật ký. | G5: IT/Security | H5: Open
A6: P-DEF-005 | B6: Medium | C6: Reliability & Availability | D6: NFR-015 | E6: Không có RTO/RPO, yêu cầu sao lưu, hành vi khi mất dữ liệu đã xử lý. | F6: Chốt RTO/RPO tối thiểu cho MVP hoặc ghi rõ không cam kết kèm lý do. | G6: PO + Tech Lead | H6: Open
A7: P-DEF-006 | B7: Medium | C7: Singular & Complete | D7: NFR-004, NFR-006, NFR-009, NFR-012, NFR-014 | E7: 5 NFR gộp nhiều yêu cầu trong một ID, khó kiểm thử và truy vết riêng. | F7: Tách thành NFR riêng (vd. NFR-004a tên tài liệu, NFR-004b số trang) hoặc cấp ID mới. | G7: PM/BA | H7: Closed
A8: P-DEF-007 | B8: Medium | C8: Verifiable | D8: US-009, US-015, US-018, US-019, US-022, US-027 | E8: Story P1/P2 không có tiêu chí nghiệm thu. | F8: Viết AC Given-When-Then trước khi đưa story vào sprint. | G8: PM/BA | H8: Closed
A9: P-DEF-008 | B9: Low | C9: Implementation-Free | D9: NFR-010; 4.1; US-004 | E9: Có chi tiết cách làm: 'kiểm tra quyền phía máy chủ', 'Enter/Shift+Enter', 'từ chối trước khi tải lên'. | F9: Diễn đạt theo kết quả hoặc chuyển sang ghi chú thiết kế. | G9: PM/BA | H9: Closed
A10: P-DEF-009 | B10: Low | C10: Unambiguous Language | D10: 4.1; US-007, US-009; NFR-011 | E10: Cụm chưa định nghĩa: 'lỗi có thể khắc phục', 'lỗi tạm thời', 'phần nội dung cần thiết', 'thông báo ngắn', 'hình thức khác biệt'. | F10: Định nghĩa danh sách lỗi được xử lý lại và tiêu chí kiểm chứng cho từng cụm. | G10: PM/BA | H10: Closed
A11: P-DEF-010 | B11: Low | C11: Consistent / Performance & Capacity | D11: NFR-002, NFR-006 | E11: NFR-002 dùng file 20 MB / 300 trang làm chuẩn nhưng NFR-006 không có giới hạn số trang. | F11: Thêm giới hạn số trang vào NFR-006 hoặc bỏ '300 trang' khỏi NFR-002. | G11: PM/BA | H11: Closed
A12: P-DEF-011 | B12: Low | C12: Consistent | D12: US-023; 2.1 | E12: US-023 dùng vai trò 'chủ sở hữu tài liệu' không có trong danh sách persona. | F12: Thêm vai trò này vào 2.1 (persona phụ hoặc stakeholder) hoặc viết lại story theo P1. | G12: PM/BA | H12: Closed
... A16: P-DEF-015 | B16: Low | C16: Scalability | D16: NFR-006, NFR-007 | E16: Chưa có kỳ vọng tăng trưởng sau MVP (tổng người dùng, tổng tài liệu). | F16: PO ước tính quy mô 6–12 tháng (OQ-010). | G16: PO | H16: Open
